"","country","countryiso3code","2000","2001","2002","2003","2004","2005","2006","2007","2008","2009","2010","2011","2012","2013","2014","2015","2016"
"1","Afghanistan","AFG","","","23378628008.9566","25352757518.2174","25620370017.4831","28483515603.8497","30065529260.2352","34196594611.8752","35431559620.9183","42879503310.6483","46495656381.9102","49338254430.557","56460103813.5996","58662372437.4124","60240696442.9837","61029873905.8692","62474275203.7059"
"2","Albania","ALB","17510380538.4978","18900762786.954","19700524185.6232","20837932089.9084","22027685616.0616","23287849848.6004","24552615940.4074","26001220280.8442","26979088131.4647","27883591803.4951","28918089174.1618","29655546965.6768","30076646106.7396","30377639526.0504","30916650866.7338","31602614692.8638","32661984652.1521"
"3","Algeria","DZA","318416410158.416","327995635005.058","346393970221.036","371340821417.33","387314508294.907","410196240995.966","417105948759.254","431174411672.361","441350709274.181","448554629028.17","464855756236.2","478298761774.961","494440238443.97","508124558656.101","527378014089.835","547225711392.973","565284159867.605"
"4","American Samoa","ASM","","","","","","","","","","","","","","","","",""
"5","Andorra","AND","","","","","","","","","","","","","","","","",""
"6","Angola","AGO","47237947908.7703","49224775314.7246","55951678794.9858","58499741983.8304","64489154136.9704","77971919028.5592","92778034180.4393","114292886651.445","130084846471.339","133223676351.884","137823722898.398","143162091461.199","150574443238.046","160877825566.736","168445471210.335","173498410010.281","172087010689.033"
"7","Antigua and Barbuda","ATG","1580447591.73289","1502151037.27194","1517534578.98775","1609465435.99079","1701791779.97378","1810917563.95327","2041420340.94297","2230444035.7026","2229771930.02038","1959801486.73633","1818695300.29732","1780882314.40936","1843330897.88044","1841414955.58611","1935362848.46543","2013942817.83584","2121537298.70871"
"8","Argentina","ARG","552151219031.107","527807756978.584","470305820970.429","511866938234.463","558086338624.299","607486243380.051","656371581729.116","715495242254.303","744524552076.755","700459679762.513","771384011261.412","817697534663.575","809304519912.401","828770913988.898","807947089029.563","830013415358.972","814886070844.999"
"9","Armenia","ARM","8977769459.81012","9835742702.11207","11132713294.0707","12695834751.6417","14024814656.1629","15969454960.225","18077104187.2779","20562561750.2571","21981378511.3708","18871015949.0773","19286178299.7958","20192628679.6198","21646497945.2151","22360832377.7968","23165822343.6125","23907128659.1007","23954942915.886"
"10","Aruba","ABW","","","","","","","","","","","","3671232222.36581","","","","",""
"11","Australia","AUS","677589654104.745","690688178526.09","718336580223.397","739784278065.545","769383827652.374","793929605626.488","816431416633.168","847270717540.352","878261904211.392","895148485546.661","913525364804.201","935916831452.524","972342153230.378","998006952815.116","1023539339169.83","1047604145558.4","1077223167679.06"
"12","Austria","AUT","311204512094.246","315148003769.772","320352828758.272","323368865145.266","332213386858.736","339668477219.036","351400765795.985","364498931267.192","369822165488.295","355899912424.216","362438130466.604","373031463577.163","375569735185.251","375665520868.395","378778788297.946","382914500526.615","388470266129.919"
"13","Azerbaijan","AZE","35888694707.6342","39441675483.6899","43622492770.0479","48508212063.743","53456049887.4524","67568447489.7946","90879561542.8867","113643982480.432","125886190467.364","137732903988.907","144418926509.107","144514131462.76","147693442627.257","156254756508.811","159379851638.987","161133029702.752","156137905456.404"
"14","Bahamas, The","BHS","9827617929.49302","10085660126.791","10358433019.2025","10227427765.2907","10317719581.392","10668042850.7104","10936541393.224","11094743346.009","10836905174.9592","10384436164.5242","10544229522.0445","10608854836.1335","10936316964.3511","10891431189.7668","10875313116.166","10988955736.3637","10803291850.583"
"15","Bahrain","BHR","29869327645.5335","30613382622.9266","31719795667.2247","33630580677.6875","35978313685.1693","38413664046.7718","40898477900.7634","44289961204.7426","47055926124.3282","48251039581.2998","50342436060.8773","51341141014.8994","53257321531.4798","56142006330.8971","58584095087.0825","60260753039.0903","62198698866.9732"
"16","Bangladesh","BGD","216050975705.134","227020505484.482","235722482829.044","246894708777.71","259830838298.284","276813238827.961","295281853462.91","316124725281.398","335135801636.774","352043821059.316","371659006686.465","395684471605.039","421488777535.966","446835410086.698","473918520089.175","504972662927.365","540893717713.867"
"17","Barbados","BRB","4173945003.1029","4073770323.02842","4106360485.61265","4196700416.29615","4255454222.12428","4425672391.00925","4677935717.2968","4762138560.20812","4766900698.76835","4576224670.8176","4589953344.83007","4622083018.24387","4635949267.29858","4635949267.29858","4635949267.29858","4677672810.70429","4771226266.91836"
"18","Belarus","BLR","75474632782.8132","79041040138.904","83028871904.5422","88876755328.7902","99052915335.8009","108363891030.011","119200274348.755","129451505743.232","142655558816.721","142940863141.985","154081242198.04","162623060502.26","165438704404.354","167132772688.168","170012613575.317","163501862607.746","159371068808.586"
"19","Belgium","BEL","381230083658.796","384323932030.339","391166843854.87","394196694055.683","408524485105.136","417080101904.118","427532713651.544","442278204896.288","445742008548.901","435698662674.979","447655163201.287","455705357904.872","456775340069.543","457691861815.888","463611031548.648","470226560732.73","476867532904.5"
"20","Belize","BLZ","1721479771.42345","1807823395.35499","1900357910.46917","2077595510.4191","2174213425.51228","2230280780.9518","2332484742.52788","2358242623.53238","2434378368.18825","2451738352.42284","2533244977.32671","2586543205.39028","2684865278.44197","2704016418.13677","2813402070.02907","2920170452.25352","2905962756.80547"
"21","Benin","BEN","11441883947.698","12051783371.8559","12611524838.1216","13045871409.6567","13623755116.011","13856936260.6803","14403871439.8246","15266161439.334","16012661259.4538","16385644371.8654","16731414124.1439","17227124154.8024","18056864841.2115","19355102198.1462","20584505761.8031","21015917559.2062","21849169249.3082"
"22","Bermuda","BMU","3162154264.8163","3390538833.08688","3340433776.56587","3454366158.62813","3534551202.2428","3593726911.16702","3792958312.94401","3900901738.61185","3960503378.69618","3751223364.15495","3672668487.99025","3550019929.12843","3378392789.57695","3293556129.34525","","",""
"23","Bhutan","BTN","2029189412.06141","2195659522.64461","2431206376.61147","2617542154.5688","2771883124.6013","2969312153.57852","3172691208.63935","3741422280.73992","3919826548.16105","4180778173.88848","4671219172.59607","5039821055.27253","5295426154.38932","5408880477.24548","5719645280.13305","6096995931.06528","6584188914.85691"
"24","Bolivia","BOL","36796058242.8318","37415630617.0473","38345620378.9909","39385300793.7153","41028965313.8806","42843034250.7969","44898218532.8874","46947545075.714","49834113567.8222","51507045387.6761","53632598252.0909","56423688392.2173","59313864685.5243","63344841872.5948","66803831147.3381","70048618747.1641","73035435394.1163"
"25","Bosnia and Herzegovina","BIH","23824131721.7473","24872393399.9709","26190630316.6384","27238255546.4204","28899789072.4195","31430899165.7927","33121402792.1563","35018847443.865","36973994376.9841","35868596688.151","36179930092.2104","36525703316.1297","36225558110.8286","37076638020.1776","37502881462.9098","38656750363.2759","39872148508.6755"
"26","Botswana","BWA","17993233863.7628","18038320205.6037","19133161618.4884","20018241545.3268","20559899476.3525","21496741242.9928","23294700964.5841","25222748339.8179","26798019288.5853","24747351724.4877","26866623793.4889","28491602197.6691","29761235633.2879","33137178854.0399","34512124170.8257","33926132256.583","35390216621.135"
"27","Brazil","BRA","1993190057788.43","2020752528283.76","2082466643790.09","2106204407606.59","2227614698949.55","2298819603353.55","2389790718626.23","2534620486107.17","2663654413641.67","2660304198210.8","2860938983936.98","2974955344832.28","3032464441306.37","3123750887614.6","3139626109942.67","3028176690626.19","2923154591439.16"
"28","British Virgin Islands","VGB","","","","","","","","","","","","","","","","",""
"29","Brunei Darussalam","BRN","27342284375.3295","28092567737.0402","29180339200.3506","30027723258.6296","30179158547.8893","30296104962.6462","31628442732.1111","31677334551.9124","31062884656.7293","30514769016.8002","31307837411.1498","32480415591.3426","32776910359.7628","32080063898.3911","31326263639.6957","31148701800.9807","30380725976.136"
"30","Bulgaria","BGR","72170777800.1697","74891773306.0765","79338484628.3961","83429350205.11","88798327837.5151","95123886556.6634","101663043423.025","109129606257.651","115701263903.667","111552048089.993","113029095150.449","115193495908.981","115229171183.392","116222636875.882","117766952991.901","122027124955.649","126836333345.922"
"31","Burkina Faso","BFA","12483126699.3535","13308685744.9546","13888013410.7502","14971617310.18","15642117350.9971","16997015908.0583","18059866270.6652","19081152632.6264","20473026958.4259","21079440959.1922","22212117974.8109","23684085089.3575","25212347753.0455","26672795515.5208","27826883996.0202","28910615365.9947","30623447196.823"
"32","Burundi","BDI","4826748585.33385","4925977225.89982","5145011759.82077","5082050812.40967","5327699755.95462","5375649053.9108","5665109338.39415","5936231951.16376","6235899991.30929","6452187532.08544","6696461063.94965","6977151645.62124","7257588873.80706","7591006441.60571","7944817041.22708","7633289423.77197","7589746511.18029"
"33","Cabo Verde","CPV","1668631777.33519","1705869873.3632","1795443245.2141","1870425610.75003","2061154268.37822","2203630691.25017","2379563066.41409","2740559154.23439","2922820603.22066","2885688331.29191","2928015321.96758","3044224922.25246","3077160948.13322","3101864322.39064","3120823310.01768","3152245747.92865","3272581797.16813"
"34","Cambodia","KHM","16830475872.697","18083775263.0679","19273495897.4468","20912879328.6811","23075381633.7306","26132889755.8549","28947685176.8931","31903988921.579","34038869057.7897","34068379722.2329","36099903974.4308","38652011936.303","41478767113.9546","44530221118.4119","47710823823.1125","51067798981.2672","54618591250.461"
"35","Cameroon","CMR","39770616586.1867","41507830622.3018","43266601947.7497","45242672139.5015","48310557796.0183","49286751027.7748","50990923636.9236","53490601578.8402","55356782178.3212","56573891876.0619","58510137648.4186","60926183398.9526","63694221374.6985","67136426339.5228","71086773495.1535","75104216725.7472","78446694792.1465"
"36","Canada","CAN","1151768855838.72","1172164598599.54","1207446944169.26","1229208438201.3","1267141333783.16","1307707370087.6","1342013930307.11","1369696291657.46","1383398198807.27","1342593656484.99","1383992722798.01","1427466965184.4","1452383005413.25","1488329511798.84","1530832321157.4","1546154153873.58","1568018362214.36"
"37","Cayman Islands","CYM","","","","","","","","","","","","2823463451.74062","","","","",""
"38","Central African Republic","CAF","3052959667.26258","3189266348.98737","3304607512.098","3126241810.10112","3313656387.30361","3343751363.03983","3503284597.152","3664699656.01881","3739977386.31758","3803902546.62293","3919793562.81048","4049174939.83364","4215709320.45115","2668546004.91326","2696299364.95982","2825718662.88484","2953760056.01772"
"39","Chad","TCD","8285687626.43615","9251644246.96025","10037220771.6753","11514866990.951","15387244429.6548","18054243761.3245","18171282565.5612","18765755998.1717","19338616642.4378","20154260616.3641","22885183257.3778","22904148162.6154","24938626546.7354","26360128599.7775","28178973531.0897","28958876129.7485","27147345789.8094"
"40","Channel Islands","CHI","","","","","","","","","","","","","","","","",""
"41","Chile","CHL","218492826314.252","225709747741.849","232722483092.65","242243270848.998","259707895654.328","274622479869.477","291970866200.755","306292984643.762","317103689119.271","312143428138.889","330385643496.483","350575241993.673","369221034976.868","384156041711.157","390943079331.741","399955322575.088","405018227430.045"
"42","China","CHN","4672725463262.83","5062426587139.27","5524658835017.95","6079091664255.37","6693762206647.24","7456568349755.51","8405004996666.14","9601153872160.66","10528077050087.6","11517696623338.5","12742735014325.4","13957938676634.1","15054510924261.2","16222384954805.7","17406240419452.4","18607306659286","19853996205458.2"
"43","Colombia","COL","335685091122.417","341317545585.573","349864070252.355","363572695817.874","382962107917.078","400986433731.574","427842561312.075","457366383419.6","473588276652.646","481409820261.487","500530458895.309","533512971123.156","555087935875.08","582143285892.64","607720381850.595","626268108623.995","639063140173.409"
"44","Comoros","COM","803186066.721811","821923887.585284","841031803.649804","858727970.255286","875212132.805405","900045469.815047","923868772.16678","931261134.00651","934988663.661623","953220942.395523","974191802.954097","999520790.689932","1029506414.13009","1065539138.56177","1087506713.99995","1098546195.39878","1122714211.94907"
"45","Congo, Dem. Rep.","COD","26982812766.5085","26416127011.4301","27194812406.328","28711690720.2835","30646391803.5724","32526594264.4252","34257327698.5851","36401657508.6026","38667986217.2938","39771981975.0583","42598965137.7438","45527503793.3844","48753991980.1867","52889284438.0325","57898052047.0712","61902390065.2003","63387663073.5933"
"46","Congo, Rep.","COG","14451733327.1667","15001275213.2719","15688614151.1056","15816204013.8173","16366075164.0843","17635388507.964","18735130808.498","18438699306.5214","19466146637.3994","20920061933.6128","22750902379.0886","23529134688.7973","24423235057.0563","25263566587.6874","26976415220.769","27690342239.6711","26915007454.5865"
"47","Costa Rica","CRI","38776659193.121","40130146628.8813","41451132013.4104","43215075093.3436","45089129283.8321","46834472245.1148","50224226207.25","54326488947.5586","56852452417.6421","56300671899.9031","59088604515.6545","61633610781.5746","64590125733.697","66055693384.5871","68377774647.7946","70861044128.2745","73806285289.8892"
"48","Cote d'Ivoire","CIV","49185416881.5209","49245114163.9515","48423881889.2812","47765541810.0138","48353904780.8949","49186195093.9312","49931780276.2247","50813094564.8564","52105191008.8138","53799367179.4931","54884843973.9869","52476906028.6953","58095348125.8286","63259688377.4398","68822794330.2418","74908701426.0709","81157670018.1178"
"49","Croatia","HRV","69675922986.084","72068875921.941","75849951138.2057","80065620922.9385","83334548638.2429","86804350736.8292","90958165333.944","95642515355.0427","97606405790.69","90399360580.6059","89115290706.5733","88824804186.3728","86830958549.3065","86268263847.1293","86185294255.834","88208364438.6832","91000527729.0979"
"50","Cuba","CUB","","","","","","","","","","","","","","","","",""
"51","Curacao","CUW","","","","","","","","","","","","","","","","",""
"52","Cyprus","CYP","20880353286.6834","21632184865.7178","22367485407.3944","22921275158.8819","23968846996.248","24861523013.5712","25982823277.5533","27235379978.1565","28287745816.3564","27786359453.2932","28152521930.7693","28242946705.1167","27379200003.1697","25754529651.6415","25392995864.6257","25895539400.3039","26775155898.1144"
"53","Czech Republic","CZE","217344797293.476","223666846429.677","227362927769.204","235554790091.222","247112436065.181","263257449991.049","281299858121.347","297060086858.184","305028078249.223","290378884892.64","296980416687.568","302260233093.211","299842621904.544","298392369974.709","306494069347.29","322766570535.828","331136959994.634"
"54","Denmark","DNK","226067137050.018","227928007106.851","228990937808.589","229884171610.316","236017926041.457","241532873111.239","250984006496.37","253266086094.534","251969299855.45","239606361759.484","244089379149.77","247352304134.257","247912479127.463","250226368470.189","254278471651.312","258363732447.53","263438195427.37"
"55","Djibouti","DJI","","","","","","","","","","","","2342710799.37195","","","","",""
"56","Dominica","DMA","569631613.97372","572326558.421808","562292756.673633","605517398.839558","625197587.67759","624645898.468045","642946071.274726","683586729.040347","732263175.68711","723697474.802063","728564649.762304","726881582.869273","719078450.18508","714709100.925757","746354186.747102","727368916.471115","746560185.692329"
"57","Dominican Republic","DOM","70216740725.369","71943732956.3954","75177678144.7067","74166007480.1255","76072173461.9619","83244438226.534","90881578845.0318","97621312849.8405","100754473045.966","101707766699.471","110189839542.741","113642553322.237","116730639583.212","122421497669.641","131769642191.402","141037490083.255","150363182599.954"
"58","Ecuador","ECU","93295216341.4635","97041606943.7538","101017184846.402","103767758879.014","112288151266.025","118229663496.819","123435937981.532","126139263988.069","134158101737.554","134918096104.018","139674361950.133","150664137576.237","159164551066.427","167037643517.848","173366480258.435","173537892219.464","170802277011.814"
"59","Egypt, Arab Rep.","EGY","516490354615.709","534749590052.151","547425615678.561","564901000123.779","588005114348.149","614341629179.196","656448037935.998","702991982807.46","753309454899.709","788517970102.661","829088058411.598","843842460027.439","862538707676.352","881389198331.965","907089730673.907","946747866752.655","987899620943.459"
"60","El Salvador","SLV","33188717369.4213","33479888256.9236","34009159176.8282","34540460832.0961","34848142439.3704","35791644663.4988","37346038345.103","38040890946.1447","38850106314.9573","38040705445.3585","38841923775.6278","40322505966.1883","41457211401.0187","42441900740.313","43281934918.4664","44311018735.1775","45454498855.4421"
"61","Equatorial Guinea","GNQ","6630224128.66146","10832451921.8094","12940754061.3725","14746668683.4645","20350215036.8007","23758611625.8602","25589193076.1019","29499762713.0689","34750457672.4565","35217280130.7294","32074428108.711","34166939303.2501","37007193180.7025","35477614647.9406","35624868686.8354","32386903426.8123","29609440763.2535"
"62","Eritrea","ERI","5697012107.18605","6195810310.00904","6382021003.3495","6212545424.59697","6302735154.10848","6464995889.67665","6402336055.05114","6493685998.24794","5858406746.50613","6085507975.44211","6219035616.04434","6758835465.49469","","","","",""
"63","Estonia","EST","21936893827.1824","23325216331.0341","24742548540.4217","26577496360.9232","28250482309.8643","30898601006.0056","34072469486.4994","36712469966.8663","34722853850.8742","29610120602.1953","30279035698.8539","32579424941.3604","33982705150.2729","34640794999.0729","35642160259.5104","36238912180.8227","36986616169.4958"
"64","Eswatini","SWZ","6198195117.9076","6263571504.82097","6537922143.17365","6791607486.4133","7037729516.28522","7459907184.15207","7906917268.57411","8257618745.98774","8325468619.36271","8455766270.44989","8776557323.44136","8973786731.61092","9397183965.36318","10000558809.6321","10193670603.0072","10233540990.6853","10373606859.7057"
"65","Ethiopia","ETH","41136187141.9482","44551028045.6176","45225853914.0142","44248360523.8487","50254014899.7144","56193419293.8149","62281822906.6602","69416932546.6472","76905993365.0393","83675684346.8224","94177433193.7438","104704865663.231","113759545218.877","125797887490.473","138701596949.612","153116109123.261","164694392060.323"
"66","Faroe Islands","FRO","","","","","","","","","","","","","","","","",""
"67","Fiji","FJI","5413978501.91525","5522258043.17257","5698970328.95133","5755959944.93852","6061025838.80917","6103453042.8975","6216518478.53651","6163637444.37169","6227295135.34985","6140982490.50155","6322428385.2024","6493459112.28588","6585102187.78879","6896855439.91167","7283321735.71625","7563322268.06051","7592063153.49244"
"68","Finland","FIN","180583328884.027","185243809125.451","188356507325.911","192112306108.705","199654745087.655","205205057218.311","213526527453.303","224597452575.821","226216055640.06","207510167298.505","213719571855.46","219213912532.236","216087507036.948","214449485305.036","213094747666.23","213382600857.612","217939134113.258"
"69","France","FRA","2124681714044.73","2166207543575.82","2190435641127.14","2208386954887.36","2269921981455.15","2306415830711.35","2361191981980.65","2416951504053.97","2421671683865.19","2350442060338.69","2396643698076.09","2446475413051","2450944953213.91","2465068316298.47","2488426970191.39","2514989973712.51","2544859261714.25"
"70","French Polynesia","PYF","","","","","","","","","","","","","","","","",""
"71","Gabon","GAB","21892670917.0564","22360130543.4402","22304446401.8575","22805700919.7463","22962956047.3727","23577493332.6662","22915768569.1749","24292574468.0148","23488873984.4433","23519487499.0856","25186711540.4043","26972955724.1173","28389674061.0465","29990547548.5932","31284338367.7077","32497938439.9424","33174669113.2316"
"72","Gambia, The","GMB","1908847872.8024","2019561053.9263","1953925313.46824","2088159978.65163","2235375255.77687","2214325265.45635","2239216489.16","2320523011.61006","2453596697.59643","2611846222.16422","2782303075.61286","2662799770.40924","2811910199.36125","2946570385.0076","2973089520.92913","3100932363.57703","3169659371.42787"
"73","Georgia","GEO","14420709376.3996","15113689663.1237","15940988563.9094","17703759358.0732","18740726925.8081","20539769394.7741","22467072707.7767","25240408135.8443","25824483151.4717","24881863345.5275","26436835046.9026","28345977228.4492","30146083609.0846","31167144651.2493","32608105117.4224","33547322404.5671","34503076695.022"
"74","Germany","DEU","3022470159181.13","3073715277871.83","3073715277871.83","3051894783408.17","3087601049405.82","3109421556683.66","3224475116048.83","3329610265344.83","3365647150137.13","3176536134047.86","3306136689722.13","3427141297691.63","3444002587120.7","3460863889363.96","3527647847933.51","3589141995488.02","3658901471952.64"
"75","Ghana","GHA","42783859187.7077","44495213555.216","46497498031.401","48915367921.566","51654628520.1951","54702253644.7328","58203149968.9764","60733135639.5467","66290095533.9153","69501510520.6161","74991929626.3465","85526138706.1051","93473902670.2908","100309205191.172","104307395318.748","108309712701.546","112340895044.447"
"76","Gibraltar","GIB","","","","","","","","","","","","","","","","",""
"77","Greece","GRC","268406285140.34","279495791631.05","290460053341.344","307290851942.921","322842819111.997","324777106214.375","343134916881.389","354368285438.423","353180540193.816","337991185797.721","319472523306.922","290296713794.743","269103619809.722","260380827733.851","262307065531.397","261544008252.724","260905017686.761"
"78","Greenland","GRL","","","","","","","","","","","","","","","","",""
"79","Grenada","GRD","980774641.896593","960924743.519871","993954835.830066","1088022457.40683","1080978052.56727","1224456959.88169","1175568310.46929","1247547303.17912","1259387162.6998","1176092442.35576","1170079476.22561","1179028540.57174","1165407280.7136","1192821166.81768","1280411762.08613","1362844229.08181","1413048536.14716"
"80","Guam","GUM","","","","","","","","","","","","","","","","",""
"81","Guatemala","GTM","70728399242.464","72378191607.1097","75176785982.0769","77079352524.891","79508956793.9798","82101037074.5126","86517889594.4109","91972026249.6866","94989768488.7946","95489105564.6527","98229550167.3647","102317810920.593","105356675905.918","109251899051.912","113812511011.415","118524399452.531","122189752233.966"
"82","Guinea","GIN","12513713357.3869","12971508348.3597","13641436096.3708","13811763239.3525","14134974702.0943","14558638420.4258","14730450800.8578","15736168562.214","16387113452.8344","16203964748.3443","16985111774.6343","17938333959.3527","18999729345.8379","19747327660.9345","20479450278.8265","21260731044.6409","23483350365.5547"
"83","Guinea-Bissau","GNB","1694945062.04303","1732045830.01164","1714982103.77181","1724731951.54985","1772358733.9904","1847969311.0027","1890645538.03523","1952336459.90643","2014880872.38597","2082761704.20962","2178797240.50989","2354948198.33888","2314615400.56941","2389977061.76495","2413029842.49064","2561047094.4349","2721440496.43605"
"84","Guyana","GUY","3406353971.17923","3482996911.57763","3519603235.87969","3484222239.58901","3598989899.71288","3528560864.87814","3709568818.05217","3969978813.85319","4048451283.10396","4192258679.90692","4365752920.86138","4592610458.19144","4834930645.92366","5076704495.14537","5272001454.33329","5438723638.86675","5619078875.0695"
"85","Haiti","HTI","14870414529.099","14715111653.3482","14678108395.1052","14731507404.604","14212532873.5774","14469070687.6724","14794512150.9456","15289133971.0025","15418165750.1478","15893545989.104","15019751835.594","15849403538.3438","16306674053.9112","16997107258.1096","17474751212.4895","17686408604.5962","17943340305.1749"
"86","Honduras","HND","21716145048.1263","22307517649.2782","23145017230.2788","24197429970.8015","25705487115.2829","27260823118.7326","29051107767.1585","30848885361.3642","32154286828.2783","31372414225.1852","32542963029.3315","33791210423.4101","35186343988.2885","36168591807.1898","37274656482.8466","38706033100.6809","40158341099.6605"
"87","Hong Kong SAR, China","HKG","226720920667.466","227992532138.65","231769541960.922","238853158319.871","259633443837.429","278815800647.185","298424164929.894","317716790039.647","324477615183.198","316498549707.852","337918166982.222","354187869989.884","360210153961.364","371382031652.169","381641150667.856","390754152513.082","399205865105.712"
"88","Hungary","HUN","183304650793.76","190344485053.526","198963675285.774","206621030412.538","216962243604.897","226483013701.357","235205266299.921","236227848569.854","238248808612.45","222524449045.148","224042907266.972","227766313841.215","224022336958.012","228718330615.637","238387931763.495","246414799506.512","251868421023.595"
"89","Iceland","ISL","9573525528.70967","9949529143.99043","10004301795.5866","10240074469.7302","11066887643.986","11774120028.8598","12364849699.6037","13530642427.0831","13755104114.2437","12860299595.9405","12396603877.548","12639952183.7649","12806706028.5078","13358436580.8046","13652368524.7642","14240965519.9354","15306396268.8005"
"90","India","IND","2627411132203.84","2754156558837.62","2858923994645.01","3083646326717.37","3327961880409.66","3636957304293","3973883747260.26","4363378412691.4","4533155593203.42","4917557391217.41","5422096963234.59","5782035485242.57","6097525749691.16","6486920231890.15","6967615785638.64","7535784791103.64","8071781508260.02"
"91","Indonesia","IDN","1228163264451.2","1272910980908.49","1330185297242","1393773064452.43","1463892030404.63","1547225128046.56","1632337236348.95","1735909396809.54","1840301842699.8","1925487044368.68","2045326550276.98","2171518784772.08","2302462467434.46","2430416378087.98","2552099267504.09","2676547853209.17","2811265990062.29"
"92","Iran, Islamic Rep.","IRN","868673118029.598","875436943390.991","939042262126.517","1021063701391.51","1065730227728.56","1099724934092.11","1154708929239.81","1248884374365.23","1252017282663.89","1264629922699.9","1337952385362.8","1373350831357.52","1271110945498.43","1268644056366.04","1327045056375.38","1309519500601.69","1484945719470.51"
"93","Iraq","IRQ","286951666266.933","293566810865.104","273310170471.489","182842215393.504","281865489722.049","294269311533.25","324161774139.846","328627420735.618","355667236886.308","367686296601.583","391227650166.62","420751532114.547","479389275592.69","515822860537.734","519433620561.498","544366434348.451","604246742126.781"
"94","Ireland","IRL","147830480062.187","156410025066.88","166278362341.107","171465430991.396","182921426695.269","193908388724.62","204615364392.17","215273198404.943","206800198014.384","197232025187.434","200785513232.29","206778775557.327","206855603701.04","210245646425.983","227755701340.096","285963838243.803","300666555043.35"
"95","Isle of Man","IMN","","","","","","","","","","","","","","","","",""
"96","Israel","ISR","168700570470.257","168743243811.319","169016320505.721","170313632512.875","178096480706.925","185458003224.404","195121888278.097","206387354534.325","212555024843.902","215491700179.895","226748779571.814","237310354994.711","241920126884.084","251865838775.929","260454807711.887","268367278652.397","279355135658.088"
"97","Italy","ITA","2080426538099.69","2117295623397.28","2122558107457.35","2125769923933.47","2159398304461.84","2179905381527.55","2223647071999.34","2256420706781.35","2232719199712.22","2110320304292.05","2145911350104.08","2158285168982.73","2097442812673.49","2061195628130.18","2063538655939.68","2083182695248.97","2101061873837.09"
"98","Jamaica","JAM","21072275678.8063","21355682944.2112","21782218065.7005","22580823358.7432","22879731385.2795","23084229952.1509","23753470714.4511","24093609497.1914","23898032825.7575","22861685945.5793","22526466061.6722","22916503999.9595","22773514573.7449","22887095406.0215","23043360867.2423","23249057794.8694","23568389964.7527"
"99","Japan","JPN","4296408111808.02","4313865960514.19","4318956010747.16","4384959166693","4481633830085.73","4556148629447.48","4620846238688.91","4697283532342.89","4645916829799.75","4394274796104.58","4578471337863.95","4573186804907.29","4641560044572.94","4734403677469.97","4752144410137.9","4816480039572.05","4861667960845.39"
"100","Jordan","JOR","36920965669.5915","38866189785.0524","41114397025.0405","42825187766.486","46494149175.9134","50281833762.9344","54351309083.3948","58794919398.997","63047208135.6292","66500039588.7755","68037116498.7509","69797089967.4539","71647529865.1796","73674271405.884","75955470176.479","77772094096.0134","79330439709.5802"
"101","Kazakhstan","KAZ","148115355285.537","168110928246.768","184585799217.488","201752278545.041","221120497284.623","242569185519.522","268524088370.111","292422732235.034","302072682399.407","305697554586.475","328013476071.783","352286473300.142","369196224018.677","391347997460.437","407784613353.046","412678028712.375","417217487027.841"
"102","Kenya","KEN","67057521480.6867","69592233091.3861","69972804850.1823","72024740241.3991","75701098895.9817","80172510027.9297","85361671168.5519","91209568588.0043","91421432678.2306","94444684435.2282","102383420542.115","108637269874.175","113594615692.429","120272490411.608","126715628174.911","133961870408.61","141824350927.166"
"103","Kiribati","KIR","169413855.616892","166922475.387232","173244601.858018","176720450.985428","173841038.284999","182449006.116498","179564486.086597","183518804.787114","180128410.00158","180650105.021671","177745903.087956","178593470.642087","187858540.009159","198720833.241466","200495443.379052","221138521.685971","223660047.61641"
"104","Korea, Dem. Peopleâ€™s Rep.","PRK","","","","","","","","","","","","","","","","",""
"105","Korea, Rep.","KOR","975737013407.482","1019892106470.17","1095694910214.91","1127834029471.1","1183096097461.14","1229516971566.77","1293158661236.75","1363809044893.02","1402394246432.22","1412316325213.73","1504071601637.97","1559446833866.66","1595195559499.74","1641395692018","1696242071623.01","1743571231387.8","1794645747067.85"
"106","Kosovo","XKX","7858714211.3897","9978517325.72936","9908573079.27693","10501120175.8545","10775422745.853","11425528756.4643","11940023944.6228","12809983997.7649","13148784843.9648","13588173255.1103","14037884018.276","14713466075.8931","15139472205.4582","15658942318.9343","15846547562.0019","16495377247.4126","17166557015.9325"
"107","Kuwait","KWT","143388170990.257","144433508630.689","148766513903.242","174532874678.65","193316441769.241","212794911701.409","228797619409.869","242506397704.744","248520177652.617","230934634860.825","225468269003.663","247177337169.866","263556266778.465","266584630667.396","267919891720.381","269508709236.721","279068196867.208"
"108","Kyrgyz Republic","KGZ","10161756699.5565","10702523147.6749","10700665921.0999","11452954424.2289","12257737465.2498","12236219224.1571","12615896710.324","13693656983.311","14844145453.5681","15272591237.1255","15200570760.0957","16105958461.3669","16091761027.9377","17848252275.5774","18566472841.7351","19286076936.2759","20122293441.2464"
"109","Lao PDR","LAO","13243454430.6593","14005140174.8313","14834068524.0527","15734051803.1481","16734374903.4779","17923782040.8776","19468680529.6535","20947682859.2084","22586818673.961","24281230970.7998","26351668594.1","28469987707.9776","30755016945.5792","33223506940.3046","35752468142.3336","38351526625.7744","41044989575.8241"
"110","Latvia","LVA","26457734181.4396","28167250454.7604","30167978678.3338","32711347807.4127","35438017512.808","39228835380.2612","43892902793.6387","48273093780.0368","46560536156.5081","39855031246.67","38284475865.0563","40727416408.8508","42370616307.6747","43400159240.0695","44206639943.9569","45520330356.9986","46525792198.5899"
"111","Lebanon","LBN","40545031725.1519","42114634949.853","43552893853.0641","44956374519.6133","47614990629.9249","48915966854.5413","49677333622.3566","54321917303.0422","60011525568.2422","66045370824.1285","71353602096.7226","72008412533.3855","74027706163.779","75979249752.2083","77501054363.9572","78133122013.7756","79695784453.9353"
"112","Lesotho","LSO","3328496038.16319","3447043168.81472","3471994104.73059","3630309287.81783","3691747694.66509","3819708208.25911","3981285491.19185","4173699558.70747","4454987446.19559","4550961606.07715","4827297752.21238","5160445696.76619","5469972937.10187","5570787003.15713","5744691477.91274","5889261679.68782","6030436380.35717"
"113","Liberia","LBR","2419245542.63296","2489856480.77696","2583543928.96426","1804728862.57029","1852023681.99857","1949847123.39599","2106676486.72078","2307545832.5839","2472464732.21384","2603507812.60831","2762320349.23903","2988830566.66257","3227771169.87093","3508712338.29124","3533313381.37627","3533313381.37627","3476780367.27425"
"114","Libya","LBY","117406374145.144","115336642806.984","114230738121.659","129099012224.358","134858932460.423","150867670769.863","160674894958.471","170881473616.78","175439490496.92","174053269693.44","182792988664.964","69322560014.4654","154686051920.146","133648748859.007","101573049132.845","92571605498.0784","89983795122.0448"
"115","Liechtenstein","LIE","","","","","","","","","","","","","","","","",""
"116","Lithuania","LTU","42659211483.7322","45442482248.9831","48514734655.5014","53627491391.358","57140136603.0512","61555588043.3121","66114668419.2914","73444771550.6783","75374957405.015","64208788115.4097","65261696439.4008","69205546062.1998","71854010482.4239","74367881147.3626","76998708768.7128","78565362206.8628","80407626253.0823"
"117","Luxembourg","LUX","35641266895.965","36543694836.0446","37939470223.0149","38557613098.3109","39950382217.2853","41217785214.6999","43352242437.3619","46974128599.1102","46373054426.7791","44351835227.9513","46509538067.72","47690524461.9649","47522406130.3068","49259050866.1997","52102241846.262","53593238485.7579","55245326869.7977"
"118","Macao SAR, China","MAC","18071626016.6709","18593607481.6461","20257175625.2426","22617820282.1921","28669336411.7382","30979930314.2929","35104740175.6522","40176549954.3225","41539978755.5583","42088720029.8138","52721944986.5804","64148218365.2919","70073699096.8077","77922086864.3285","76986154275.5471","60361374984.1033","59840384623.1755"
"119","Macedonia, FYR","MKD","17541460782.009","17003421087.1209","17257457074.4999","17640956120.5999","18465569975.9789","19337768558.5101","20331154595.0401","21647289215.7328","22831766488.5737","22749888157.0048","23514002326.3471","24064204652.4177","23954427501.8993","24655158062.3471","25550051863.889","26531588739.1124","27307238599.8855"
"120","Madagascar","MDG","22767731871.9076","24137853996.5255","21078673520.3615","23141198987.0447","24357732651.851","25478894719.5946","26758599469.8959","28428490862.2468","30455019682.2432","29232597651.7321","29309511789.5579","29735787033.419","30636040392.1695","31326945612.8668","32365701443.6014","33374415657.1567","34769462972.8369"
"121","Malawi","MWI","9851281442.04086","9361183751.88291","9520323876.94092","10063519230.6387","10609012058.4365","10955791575.6412","11470713778.8228","12571902301.8889","13532362545.2508","14659352621.0006","15667046141.8357","16427533195.5102","16737323535.5758","17607664359.1505","18611301228.2862","19132417662.4927","19607674690.0452"
"122","Malaysia","MYS","378159417088.766","380117055043.005","400609121064.804","423798377156.889","452546476198.707","476676883979.36","503298558962.243","535000257766.716","560850239160.266","552361609677.616","593373616252.471","624786298313.787","658983690151.73","689914556020.825","731355805093.53","768128421407.133","800542298734.442"
"123","Maldives","MDV","2738855394.78922","2630844952.53116","2822064926.98552","3210100260.4126","3403789814.83994","2956904431.3874","3728996339.82154","4016646168.01011","4397638418.84426","4079740109.32912","4376138493.92722","4751030617.62781","4870632299.48483","5225266640.45532","5608258117.81291","5734215355.36413","6087624122.48675"
"124","Mali","MLI","16044850498.0007","18511945131.2382","19086983210.4661","20827533225.0689","21152442464.4025","22534704375.6329","23585314406.4351","24409294915.3806","25574443982.5958","26771089018.8461","28220329132.2568","29134739169.0792","28891120637.587","29556652103.8294","31638432393.3785","33524899738.7937","35469343921.985"
"125","Malta","MLT","9605484235.92054","9663919558.0769","9952176726.51891","10205337070.3731","10250588813.7503","10638435448.9161","10832982314.1439","11264833597.397","11641812687.8935","11355158927.6813","11757436236.9162","11912966835.2165","12236142671.7764","12800364212.2312","13839016432.2663","15170557888.9632","15964066806.2937"
"126","Marshall Islands","MHL","150939625.499733","159035063.275355","163195187.644426","163472836.660221","163666617.728247","168438242.869539","170858200.785933","177099945.065167","174186873.524221","171337232.570815","182394716.781103","184595346.929185","190978408.07732","196440541.834644","194953599.259928","194242902.519767","197953903.435998"
"127","Mauritania","MRT","7453868047.39767","7603601119.49972","7654165382.97104","8111750781.24257","8577967455.15086","9347361582.5058","11111124524.8606","11424217877.5457","11547595679.6955","11427260297.8526","11972763099.8592","12535969841.7305","13262439093.6617","14070155948.6876","14855206470.4358","15063178832.6818","15364442268.0945"
"128","Mauritius","MUS","13147167424.4662","13485519019.0748","13770510284.7886","14274078071.1304","15094233413.6508","15281611346.2122","16586394384.8921","17536299868.7693","18480973778.8718","19093632287.8724","19929399378.9064","20742028226.4255","21467194078.8355","22188578978.8102","23019446833.8431","23817914129.9842","24722994864.4974"
"129","Mexico","MEX","1595250525621.06","1588799489999.43","1588166441081.06","1611137405473.25","1674303510533.35","1712943205254.34","1789941336614.17","1830956870783.81","1851895411231.5","1754008958112.34","1843781208831.05","1911319060713.18","1980935468337.49","2007759156277.08","2064885601180.3","2132417109272.63","2194541419890.21"
"130","Micronesia, Fed. Sts.","FSM","335092810.326129","340947529.570489","342992872.211566","349670355.856724","338723018.412776","345689711.080848","345237839.617241","338462871.369726","330956698.06574","334852696.298324","341690020.832731","353126615.296906","346101234.358819","332746831.378793","325572613.602084","341628228.856128","341410405.084723"
"131","Moldova","MDA","8447594196.36651","8962897466.07473","9662003449.33921","10299695667.9255","11061873130.8993","11891513626.2634","12462306264.715","12836175477.441","13837397177.5482","13007153311.0369","13930661208.1436","14877946210.3745","14773800564.1212","16162537831.8084","16938339607.2362","16870586226.8704","17629762601.2789"
"132","Monaco","MCO","","","","","","","","","","","","","","","","",""
"133","Mongolia","MNG","11160118771.1605","11489644774.8067","12033447187.745","12876346189.963","14244510245.4509","15277759362.2932","16584960326.9503","18284589774.397","19911985541.8067","19659382304.1871","20910733774.0928","24526362242.0886","27547965885.7004","30757005343.7441","33182264566.4613","33971947980.1492","34394288108.0953"
"134","Montenegro","MNE","6289538159.2887","6358713110.90733","6479778424.02383","6640649581.02584","6934567877.50526","7224474723.20273","7843353583.07766","8377493864.94428","8982583178.32516","8462033552.42538","8693414647.31479","8974076919.66396","8729644002.78798","9039460557.49368","9200695855.31259","9512637646.77948","9793197818.05681"
"135","Morocco","MAR","130764618088.936","140336545574.664","144717080193.755","153343900009.771","160699835050.497","165989494593.682","178562587377.862","184868693270.546","195818979327.396","204129061598.184","211918050774.913","223034630236.893","229747886208.358","240167927438.529","246579195675.969","257797321218.896","260948748195.504"
"136","Mozambique","MOZ","10147043443.1955","11437845371.1583","12443696079.1552","13252611816.187","14287797989.3377","15533789398.9543","17064031608.4163","18331217003.1052","19591709145.1517","20836168690.2082","22229529470.2057","23811739934.0183","25525753222.8233","27348721677.8104","29384579524.713","31322194557.2426","32500830897.0685"
"137","Myanmar","MMR","60221104519.1413","67052584851.2239","75116002450.3367","85515059493.5574","97114887944.8312","110292358553.608","124714299172.009","139669333592.302","153992850292.582","170239110005.914","186640693983.304","197076675497.924","211527658640.394","229350981325.279","247678976353.734","264997967349.057","280558600892.05"
"138","Namibia","NAM","11597068672.6808","11733676210.683","12295562223.4441","12816868771.6469","14389440641.4833","14753387382.4224","15796920343.8673","16842217483.7141","17288504578.0913","17339673542.8735","18386859674.9856","19322996884.943","20301065542.6926","21440913469.1581","22802771244.7122","24195275309.1856","24364666242.3944"
"139","Nauru","NRU","","","","","","","","39848315.1579577","53563822.5745324","58202288.0453032","66089179.2783534","73811384.0187438","81256407.3109864","109058272.861343","148890823.420096","153071962.459577","168991452.677548"
"140","Nepal","NPL","36554323947.7626","38308844733.3331","38354917592.3182","39868033576.9544","41734895411.0866","43186927981.927","44640001747.3208","46162922314.0009","48981002138.8187","51201349523.8087","53667418823.386","55503825716.8332","58157570334.6494","60558825273.2816","64185684029.7077","66318513615.6313","66592337371.2132"
"141","Netherlands","NLD","664439380911.065","678553829772.888","679257014978.114","681185579026.989","695018457596.607","710033400059.855","735016897712.313","762201299999.9","775151563338.64","745947080653.357","756410198215.739","768994037544.928","760865482934.042","759417257663.058","770198630775.042","787610950461.217","805016691839.378"
"142","New Caledonia","NCL","","","","","","","","","","","","","","","","",""
"143","New Zealand","NZL","106551497920.773","110597946705.57","116194857342.217","121470417644.013","125442051026.401","129605354515.885","132939987422.885","137939086754.918","135807201717.211","138409355499.093","139741071063.266","143508208746.799","147095076711.864","150063470056.305","155383207190.314","162273356890.616","167906606429.154"
"144","Nicaragua","NIC","17373017701.6415","17887405572.052","18022265688.1864","18476558875.2191","19458065188.9383","20291337042.8311","21063394946.3543","22132647020.7937","22893062122.8901","22139270242.6285","23115634004.1456","24575775913.5901","26172251873.4901","27461783341.8105","28775956053.9645","30148168824.9684","31552699411.2014"
"145","Niger","NER","8553665059.15408","9161346559.77179","9436106523.20669","9936220168.77748","9946156389.0293","10393733426.4722","10996569965.3667","11342584780.4281","12430074742.6845","12341489183.1152","13374378007.5549","13679084420.6116","15300031190.1617","16106100312.676","17318735541.8718","18069951476.1142","18960025693.6595"
"146","Nigeria","NGA","348476938056.296","363848482985.796","377618867985.563","416718222527.213","557301344581.464","576498519048.468","623834609859.568","666432522053.348","708219598550.843","757330491735.703","816703229268.353","856618673550.592","893275762114.417","941462775527.185","1000866427350","1027416343897.91","1010804368047.04"
"147","Northern Mariana Islands","MNP","","","","","","","","","","","","","","","","",""
"148","Norway","NOR","260678481609.891","266114483068.976","269940434422.819","272423459610.38","283208807985.202","290642247725.461","297603398309.469","306487022945.724","307960588505.819","302752840649.991","304846870249.41","307809783307.585","316187216839.335","319489441599.414","325799733298.399","332218306630.049","335844353408.677"
"149","Oman","OMN","99714423105.748","104184076348.643","103037462607.99","100287424212.41","101583250621.179","104113139178.554","109706168123.624","114591048422.467","123987165822.532","131565824002.747","137887181995.879","136358363675.009","149084247377.929","155603128698.117","159883819996.552","167460643594.782","176477002523.943"
"150","Pakistan","PAK","484126640027.63","493724373362.681","509644170039.429","534343162148.067","573716619354.5","617705218216.351","655864217731.327","687560936960.628","699259136320.384","719059767225.284","730612842689.226","750693024684.963","777020079943.001","811181430791.264","849101793880.401","889274051964.547","938421879752.483"
"151","Palau","PLW","237599449.502709","250862459.169528","258281474.626013","251839650.975867","266291288.632356","282513997.277997","274976883.249715","276308166.977537","258585025.657408","244751087.347115","242499368.417348","257872969.73012","268096698.89562","264031723.636991","271153301.879429","298642553.136459","298818223.488297"
"152","Panama","PAN","32196795850.2512","32381693377.6066","33103529740.277","34495697280.6601","37090491258.8254","39757771912.8214","43197799530.0022","48374617538.9998","53142252879.4178","53802807000.1957","56938431091.9103","63380232184.5039","69578075874.6899","74381354357.5708","78149969739.2636","82507428179.3766","86623387474.4984"
"153","Papua New Guinea","PNG","15295188896.2128","15276637574.8821","15252362916.3385","15582439683.8588","16006465252.3892","17022042807.1546","17412607809.2251","19345020793.4522","19288092951.4844","20600754560.6618","22686516344.0097","22937726618.7648","24003968647.5997","24923304127.169","28766839776.0083","30291190855.3678","30866723481.6198"
"154","Paraguay","PRY","32265822175.3373","31996706533.9344","31989858606.8284","33372060396.3309","34726104772.5917","35466981414.1533","37171921863.8843","39187243129.5966","41679205776.947","40026335228.2801","45266984771.214","47232661525.6067","46647463724.8769","53195031260.9932","55707078172.8341","57357253470.3423","59662759791.846"
"155","Peru","PER","170086294377.68","171137244537.578","180470263692.452","187986891930.036","197307664032.792","209708569743.291","225497316246.004","244706052052.742","267039317031.152","269965597046.66","292460370024.879","310964900334.817","330057289146.432","349373952099.962","357675157113.873","369304498540.921","383896861139.831"
"156","Philippines","PHL","329445218112.702","338979320095.581","351338178371.915","368800981210.296","393501882818.013","412302095642.144","433918931062.634","462629881319.843","481841775376.226","487374919729.385","524572664076.834","543770720550.029","580115370642.123","621094861182.405","659262996145.743","699257508209.308","747336460351.423"
"157","Poland","POL","563644562993.499","570678877792.809","582329879985.341","603075216283.877","634047045738.359","656198484341.095","696748952043.433","745763861167.56","777456673512.194","799382971219.087","828216141525.126","869769693309.293","883754778000.423","896055692894.084","925474511901.387","961055249191.161","988583030317.672"
"158","Portugal","PRT","267532107224.513","272731072640.452","274827817453.899","272260361795.028","277192584337.388","279318053929.939","283656013687.548","290724728488.065","291304062192.188","282628721932.724","287994968535.799","282733725683.416","271344485298.987","268277869798.31","270674094798.987","275605957687.386","280069160894.358"
"159","Puerto Rico","PRI","118148442582.442","125607710897.192","126758854550.161","126826568882.689","137922215651.245","135181567139.997","133276062063.255","131726948210.343","129297548034.573","126773110199.114","126249215100.085","125796598245.822","125833425338.951","125447334846.469","123954055618.623","122574821582.404","119380368246.146"
"160","Qatar","QAT","64156673602.4954","66657620466.6698","71445071915.3253","74102799038.226","88344553238.0004","94963997265.5768","119816308653.192","141366058707.675","166336332189.353","186224437446.766","222710146627.817","252498021613.775","264333258304.437","275991080905.441","286972440751.688","297162877140.175","303769167381.916"
"161","Romania","ROU","234999585559.689","248140767889.558","261004862269.236","275423496037.292","298445020346.936","310895890865.787","335940296344.431","358998423233.823","388651221932.718","365680534539.389","355399062533.614","362612874471.295","367102683895.173","380067274831.525","391759337483.691","407327099610.646","426963420419.128"
"162","Russian Federation","RUS","2059806428657.14","2164691447198.56","2267377263738.53","2432801806035.07","2607378427585.96","2773629752630.77","2999775767692.31","3255809035566.56","3426672380853.37","3158676273694.33","3300934386469.6","3475384986433.43","3602441640821.3","3666757994798.84","3693840697699.41","3589369987502.86","3581297100134.44"
"163","Rwanda","RWA","6363769140.95641","6903708334.65697","7814450203.0014","7986553495.27329","8581366153.42481","9386119456.65532","10252183817.7558","11034762436.3506","12266379264.5351","13032814848.0298","13988724739.144","15110215757.4687","16416604066.1267","17181432788.4158","18491444146.2339","20131261229.329","21335375359.407"
"164","Samoa","WSM","755333286.736156","807751648.070909","842840344.085509","880898624.033888","921640202.551895","959948104.786922","978847639.215345","1040736668.85208","1051238603.71866","1000692190.18202","1005487093.99996","1063589611.12987","1067866343.45246","1047215316.67029","1059741554.79038","1077065955.66864","1154024136.87782"
"165","San Marino","SMR","2074953189.85734","2190145255.91287","2197625260.20218","2282897309.10043","2387617369.15091","2444465401.74974","2538713455.79517","2719729559.59671","2764609585.33263","2410057382.01887","2297857317.67907","2080937193.28879","1923857103.21308","1865513069.75638","1849057060.31988","1858033065.46706","1875985075.76143"
"166","Sao Tome and Principe","STP","","285733748.191736","292525289.288773","311754359.31882","323701494.314197","346664135.253566","378264812.524689","390572055.046749","422544954.549734","432797083.951981","461673241.858307","481978562.17599","497122212.195401","521057624.564654","555186550.396688","576394612.970886","600483350.056523"
"167","Saudi Arabia","SAU","894349022610.612","883520746706.963","858612755959.222","955138529048.407","1031152671690.04","1088627576133.15","1118982891717.87","1139651963221.14","1210877621118","1185942403399.99","1245707895807.45","1370239542676.01","1444389300555.59","1483377046962.94","1537557122109.35","1600695504155.07","1627437401100.12"
"168","Senegal","SEN","18883827698.7975","19748880066.6379","19878196453.8402","21206701680.3498","22451698830.081","23714069588.0582","24297808070.9315","25497751698.0472","26436712626.5017","27077320680.143","28208980218.9773","28705773660.7836","29972037089.0215","31007712333.868","32271302448.8208","34355030694.4623","36671184406.7742"
"169","Serbia","SRB","60016791987.7882","63013258782.5893","67497148744.307","70477427339.6081","76853177009.7291","81111171159.0459","85089145953.6054","90099841611.5919","94935214876.4095","91977060455.3831","92514646219.6627","93811207287.0893","92858769879.2411","95246850535.8361","93502593907.5023","94211077230.0959","96846466038.9931"
"170","Seychelles","SYC","1497119248.82187","1463117233.94719","1480862377.23571","1393682120.58042","1353955857.57944","1475889891.95732","1614713982.5559","1782990368.6188","1744711479.34902","1725428129.11537","1828176726.62899","1972370136.58509","1997238347.69102","2117433674.70159","2212819518.38359","2322074969.63957","2426638739.09138"
"171","Sierra Leone","SLE","4166028117.63158","3901674671.76389","4932392422.48442","5391752095.48785","5747496925.68413","6006427160.95452","6260133495.44965","6764584139.28791","7129755684.33792","7357055947.07264","7750398445.7683","8239839598.10149","9490793018.72056","11456883708.9668","11978947819.8427","9511431824.32316","10087394108.218"
"172","Singapore","SGP","208267676641.068","206284364245.874","214972415073.77","224507147107.999","245945728542.529","264364991416.318","287788248113.175","314010152467.502","319623461471.25","317694890905.896","366112790103.877","389363416963.897","405262284219.857","425975593195.148","442520005183.071","452437135020.347","463282150230.625"
"173","Sint Maarten (Dutch part)","SXM","","","","","","","","","","","","1214600998.53945","","","","",""
"174","Slovak Republic","SVK","84092032397.8966","86880917906.687","90810361317.6689","95731116836.4731","100765459657.34","107568096372.995","116660706811.781","129259569729.464","136536597873.784","129132843080.898","135643355150.545","139467276321.22","141778456459.842","143891871970.657","147849380511.92","153541730404.611","158646525092.715"
"175","Slovenia","SVN","45194993242.3199","46527958795.7851","48312913334.4512","49686006435.3226","51848239846.6964","53923728705.9279","56973654376.1001","60928563587.6141","62939285575.3855","58031735404.3469","58750026638.2386","59131529881.2443","57552965172.269","56901433963.2612","58596639229.2688","59920280117.7332","61806783546.4195"
"176","Solomon Islands","SLB","749601122.199839","689793713.678893","670479472.300594","714060650.272883","749037989.703004","789644786.508987","844498646.057673","906315957.621052","970614499.212654","924725083.636905","987690030.341458","1118021978.56451","1168952288.0424","1204229508.16198","1231325764.4591","1262629023.04467","1306273136.55186"
"177","Somalia","SOM","","","","","","","","","","","","","","","","",""
"178","South Africa","ZAF","436200956487.033","448133213110.429","464569829105.134","478270356407.66","500053514199.599","526441896878.618","555941936088.404","585743009768.93","604434371717.942","595137561424.749","613228416508.852","633367849861.212","647386520300.446","663475278400.651","675729722800.99","684375943108.756","688245151055.28"
"179","South Sudan","SSD","","","","","","","","","","","","35254040080.2178","16771213085.974","21689120221.649","22322569221.9212","22283520995.877","19200880484.2784"
"180","Spain","ESP","1215702513030.13","1264343668195.29","1300755199282.04","1342217700982.32","1384722333058.78","1436275570283.16","1496227481883.23","1552620182077.6","1569973613838.85","1513866659070.21","1514079567426.63","1498957471269.2","1455071736301.74","1430252504937.02","1449989950005.04","1499757278318.65","1548866271582.79"
"181","Sri Lanka","LKA","104087805025.947","102479223620.425","106542192482.158","112871085396.777","119016985161.662","126445725505.795","136141952832.794","145395284641.793","154046432236.768","159497999994.398","172283294928.164","186763254710.557","203841968804.495","210763876962.754","221219254392.395","232297214061.447","242678180928.692"
"182","St. Kitts and Nevis","KNA","915342080.497114","965354354.943385","990281438.713607","954480807.506373","988905844.880141","1075647054.83031","1095138129.91544","1093204762.96945","1161988279.80985","1126895750.78125","1101550703.75514","1127973937.87452","1121199885.7461","1190937335.50258","1261953602.36549","1312133355.37693","1341119961.45979"
"183","St. Lucia","LCA","1714912520.2524","1658045724.61645","1663677546.97117","1735643810.25758","1861461942.19908","1854714318.94054","1970119874.56262","1989533163.35029","2102027754.99083","2126832001.36248","2092331468.29681","2105522738.84117","2109343314.73338","2180947315.86058","2176247686.4888","2218980660.89764","2255674002.64679"
"184","St. Martin (French part)","MAF","","","","","","","","","","","","","","","","",""
"185","St. Vincent and the Grenadines","VCT","815130043.169074","829063995.230257","881488285.24682","949272894.15673","988727374.323136","1013326959.39833","1091235193.83391","1073976492.55497","1145578638.88971","1121532241.48905","1083921367.41136","1079375927.09453","1094278255.28341","1114328563.05479","1125295664.16648","1145803698.02255","1160357786.56556"
"186","Sudan","SDN","77634785973.4331","82681326873.5433","87995482216.9944","94801573495.9229","98483009911.5992","105859129468.495","116513118306.148","129937654974.458","140075343173.136","144616372285.105","149633598838.509","146689215152.158","147454286346.948","153934476283.923","158059014825.417","165813461495.166","173606694255.104"
"187","Suriname","SUR","4596854781.11292","4806153137.96811","5012815051.18943","5314092982.71754","5805967127.52466","6071341333.34876","6304610610.59633","6626870013.30252","6901448177.8532","7109437027.04877","7476911396.97139","7914263443.50122","8127184834.57495","8365591025.35249","8386965373.49116","8169111440.53928","7749023290.58299"
"188","Sweden","SWE","326980412839.039","332092458224.36","338978651763.079","347065801848.275","362060883277.643","372264952385.367","389717206697.339","402986878421.322","400742049575.134","379964940714.511","402720761918.787","413450885918.452","412267090797.332","417384170200.757","428254217021.832","447619741442.096","462099980110.756"
"189","Switzerland","CHE","364787308013.505","369574862985.068","370175839396.318","370322342288.166","380603318182.338","392460046038.004","408113841736.769","424894984243.155","434050204376.511","424405143876.456","437148753344.887","444548844577.953","449021113079.239","457337162612.373","468538347161.17","474284428168.809","480810034082.159"
"190","Syrian Arab Republic","SYR","","","","","","","","","","","","","","","","",""
"191","Tajikistan","TJK","7334305858.05441","8082405132.74631","8955304880.51523","9940388158.76911","10964248309.0613","11698852623.1307","12517772528.4093","13494158953.9223","14560197218.6095","15113484857.4058","16095861426.4997","17286955072.7244","18583476559.5105","19958653930.8182","21295734185.9823","22573478237.1413","24131048563.8885"
"192","Tanzania","TZA","49199068982.4716","52149944939.5634","55885734164.5553","59734152418.3555","64410320105.0015","69674791879.0266","72922035020.5017","79094434073.7384","83497301398.9383","87991415201.5312","93586689055.5195","100984255978.622","106175870333.219","113887488559.753","121819905812.853","130297735873.554","139377050836.092"
"193","Thailand","THA","578525081614.109","598450895670.551","635248922011.683","680919063113.322","723744027775.072","754053232928.616","791513970348.719","834533487340.846","848934763916.236","843070888414.683","906415783926.717","914029309163.43","980230501537.18","1006573019194.11","1016481865557.81","1047181386507.16","1081557032644.2"
"194","Timor-Leste","TLS","2883285118.19589","3148659331.13616","2932450536.1097","2897772798.14375","4754374800.36099","6460228799.66042","9152490644.88892","9626498153.60671","10589601707.5509","9948049058.37293","9831919417.99759","10995180308.52","11541086016.4164","10271413163.6492","7595739489.95561","9181787638.91478","9257494565.59067"
"195","Togo","TGO","6347110652.51017","6243855458.3497","6186277681.45619","6492770478.53086","6630356525.81537","6708621715.48175","6980482743.28204","7140367481.75561","7299274948.58694","7555501154.42276","7857394710.04464","8241131319.98898","8638382159.23653","8981135250.1421","9508482932.38876","10020499732.9018","10561420957.3132"
"196","Tonga","TON","451347685.2905","467604275.013277","483591088.379123","493788001.360932","492052731.545802","499837834.259327","495778040.835924","475125039.576608","489851634.579014","501072238.350287","519038971.996313","533494964.58507","538244790.721375","521448304.094439","532255879.506033","552012402.710668","570667516.956158"
"197","Trinidad and Tobago","TTO","23234485891.6293","24203021031.083","26123944534.76","29896612153.5835","32273271332.4063","34277116487.2069","38804457830.8424","40649295468.1803","42027477868.3266","40182222585.8276","41517610649.3548","41395401723.1008","41931049507.5665","42342330126.9074","42235558537.1366","42876340788.2227","40322170864.0359"
"198","Tunisia","TUN","73461031497.0289","76249747293.945","77258198710.3167","80891197374.4194","85935405701.1303","88931574399.0828","93595319741.3615","99875210400.5413","104107698931.537","107276163606.579","111042209873.313","108913333410.658","113267333425.465","116524362603.66","119986765585.714","121370951915.959","122716219012.236"
"199","Turkey","TUR","876637746767.248","824369880674.021","877379160714.668","926584821566.055","1015947651508.56","1107483043639.19","1186221803039.24","1245894189969.5","1256425128569.84","1197317035818.93","1298937788904.93","1443295182244.23","1512428158484.74","1640853112763.78","1725630917991.58","1830650859347.06","1888935698850.36"
"200","Turkmenistan","TKM","24084929649.3187","25131141833.6894","25195774085.4105","26019380744.515","27320455794.4987","30883142515.0994","34270126251.2263","38060162142.2507","43655005977.1616","46317961391.909","50579213834.4319","58014358231.6118","64453951973.0168","71028255139.6201","78344165398.0803","83436536078.0671","88609601286.8977"
"201","Turks and Caicos Islands","TCA","","","","","","","","","","","","","","","","",""
"202","Tuvalu","TUV","28668964.1842038","29137445.9192625","31435275.7082488","30387369.3084082","29976477.0395968","28843447.1554959","29460390.701966","31331291.9259354","33832550.7051506","32332804.0097099","31450303.4323658","33814063.1123344","32517116.4346349","34005308.3273913","34463673.9976082","37614657.3553522","38756243.7856913"
"203","Uganda","UGA","25235916000.907","26544060368.5091","28862069749.5015","30730386182.3317","32822275277.3584","34900767231.9514","38664725766.6832","41917367196.571","45567846709.3273","48667151708.3788","51410810956.9769","56239143509.149","58397295674.4931","60491951675.3822","63580856634.3871","66879342376.0262","69993629513.2688"
"204","Ukraine","UKR","235915243299.818","257619445701.624","271015656803.621","296491128571.161","332366555154.708","341340452061.716","366258305176.147","395192714090.521","404282146479.787","344448388739.992","358915221129.055","378531847053.314","379435331807.793","379333910074.22","354477604622.423","319834600676.306","327215110107.906"
"205","United Arab Emirates","ARE","323805488446.168","328335802562.393","336325712510.703","365924194111.091","400930100280.773","420395822747.907","461751504145.992","476455473670.801","491663152318.908","465885637198.927","473352898597.34","506157540235.955","528856813316.109","555581777013.456","580020134207.324","609396422815.631","627607880369.601"
"206","United Kingdom","GBR","1959125227500.53","2008967931384.09","2058345904507.78","2126804622689.01","2177091968105.27","2244496671673.8","2299621502099.35","2353816871294.11","2342694137578.92","2244587742721.44","2282623340115.04","2315781273900.51","2350085632685.91","2398318520149.26","2471569187815.96","2529550706086.52","2578517519722.8"
"207","United States","USA","12975535505116","13102174374501.4","13336195938663","13710513079778.6","14229557848352.8","14705567303239.4","15097709758825.3","15366233131464.9","15321421898260.6","14896171302291.4","15273330534513","15517926000000","15863049462118.7","16129125392354.4","16543513848733.5","17016920894553","17269669679921.6"
"208","Uruguay","URY","42760248090.9754","41116488580.2307","37937358718.0211","38242862166.4545","40156596317.4643","43152331451.8578","44920963140.1066","47859472816.8147","51293937820.6379","53470593085.6858","57643122516.3077","60618737180.8227","62763536432.1202","65674219687.9447","67801270546.5163","68052637835.954","69202590059.5562"
"209","Uzbekistan","UZB","61716155048.0215","64308233565.0629","66880562905.6512","69689546546.6926","75055641629.0981","80309536546.8838","86172132712.7193","94721402573.4454","103246328805.335","111609281434.231","121096070356.98","131147044195.496","141901101820.769","153253189967.997","165195479080.893","178411117405.574","192327184565.917"
"210","Vanuatu","VUT","522417511.133698","504192935.72488","478422532.772211","498963274.955394","518845738.160598","546359361.369763","592609554.748395","623268288.630118","663459877.341069","685439080.994646","696605442.917373","705126498.576747","717499705.292432","731628322.616058","748682624.286249","742684971.375788","772396636.853825"
"211","Venezuela, RB","VEN","352951994981.059","364932019037.874","332614926354.18","306819640805.661","362926541764.776","400372989517.047","439898408032.37","478405261853.999","503654793696.135","487526242853.028","480267994804.158","500326029131.469","528474156265.564","535572061140.563","514714815230.269","",""
"212","Vietnam","VNM","205700028995.84","218438812333.919","232245938629.227","248268733392.25","266979284561.457","287128872547.691","307164595525.796","329063909136.955","347694754800.47","366462961426.174","390001750416.291","414339040368.18","436080931087.148","459724728918.095","487233068977.34","519776772729.426","552059129177.139"
"213","Virgin Islands (U.S.)","VIR","","","","","","","","","","","","","","","","",""
"214","West Bank and Gaza","PSE","12281582848.0676","11488843324.7418","11325996806.1783","12412737411.2784","13479752541.5591","14954393071.2499","14268928038.2033","14022503136.6171","12991748105.6915","15471828187.3181","15902759441.6603","17107576519.9196","19594339840.2037","18755698036.0686","18551000364.9706","20843769202.585","21565389921.5399"
"215","Yemen, Rep.","YEM","69601009637.2729","72248385567.1288","75091526798.021","77905505310.257","81000454516.041","85529795872.6955","88241440525.9683","91187317445.3093","94513438197.0716","98167544641.1174","105728710342.631","92285413833.7169","94493778267.2189","99051605324.5089","98864802466.7091","62139740193.6574","40801106052.6779"
"216","Zambia","ZMB","22146980516.5637","23324506297.3386","24375511881.9122","26068384840.1421","27901616662.2393","29920465760.2652","32285287950.4178","34981896042.8214","37701352195.4501","41177548221.5933","45418096902.1563","47945443548.246","51588154703.0654","54198193616.0752","56743246685.4208","58400082026.6953","60594276946.5661"
"217","Zimbabwe","ZWE","31576075340.5534","32030649281.0791","29181835833.3191","24222361084.9392","22815638186.9267","21512617963.0267","20767959757.0247","20009238266.8598","16473816642.898","18453897001.3589","20775586760.4275","23984528417.4111","27529344613.998","29051658790.7873","29669611949.9412","30170908108.9381","30356674539.9792"
