GEO.id,Id
GEO.id2,Id2
GEO.display-label,Geography
HC01_EST_VC01,Total; Estimate; Total population 25 years and over with a Bachelor's degree or higher
HC01_MOE_VC01,Total; Margin of Error; Total population 25 years and over with a Bachelor's degree or higher
HC02_EST_VC01,Percent; Estimate; Total population 25 years and over with a Bachelor's degree or higher
HC02_MOE_VC01,Percent; Margin of Error; Total population 25 years and over with a Bachelor's degree or higher
HC03_EST_VC01,Male; Estimate; Total population 25 years and over with a Bachelor's degree or higher
HC03_MOE_VC01,Male; Margin of Error; Total population 25 years and over with a Bachelor's degree or higher
HC04_EST_VC01,Percent Male; Estimate; Total population 25 years and over with a Bachelor's degree or higher
HC04_MOE_VC01,Percent Male; Margin of Error; Total population 25 years and over with a Bachelor's degree or higher
HC05_EST_VC01,Female; Estimate; Total population 25 years and over with a Bachelor's degree or higher
HC05_MOE_VC01,Female; Margin of Error; Total population 25 years and over with a Bachelor's degree or higher
HC06_EST_VC01,Percent Female; Estimate; Total population 25 years and over with a Bachelor's degree or higher
HC06_MOE_VC01,Percent Female; Margin of Error; Total population 25 years and over with a Bachelor's degree or higher
HC01_EST_VC03,Total; Estimate; Science and Engineering
HC01_MOE_VC03,Total; Margin of Error; Science and Engineering
HC02_EST_VC03,Percent; Estimate; Science and Engineering
HC02_MOE_VC03,Percent; Margin of Error; Science and Engineering
HC03_EST_VC03,Male; Estimate; Science and Engineering
HC03_MOE_VC03,Male; Margin of Error; Science and Engineering
HC04_EST_VC03,Percent Male; Estimate; Science and Engineering
HC04_MOE_VC03,Percent Male; Margin of Error; Science and Engineering
HC05_EST_VC03,Female; Estimate; Science and Engineering
HC05_MOE_VC03,Female; Margin of Error; Science and Engineering
HC06_EST_VC03,Percent Female; Estimate; Science and Engineering
HC06_MOE_VC03,Percent Female; Margin of Error; Science and Engineering
HC01_EST_VC04,Total; Estimate; Science and Engineering Related Fields
HC01_MOE_VC04,Total; Margin of Error; Science and Engineering Related Fields
HC02_EST_VC04,Percent; Estimate; Science and Engineering Related Fields
HC02_MOE_VC04,Percent; Margin of Error; Science and Engineering Related Fields
HC03_EST_VC04,Male; Estimate; Science and Engineering Related Fields
HC03_MOE_VC04,Male; Margin of Error; Science and Engineering Related Fields
HC04_EST_VC04,Percent Male; Estimate; Science and Engineering Related Fields
HC04_MOE_VC04,Percent Male; Margin of Error; Science and Engineering Related Fields
HC05_EST_VC04,Female; Estimate; Science and Engineering Related Fields
HC05_MOE_VC04,Female; Margin of Error; Science and Engineering Related Fields
HC06_EST_VC04,Percent Female; Estimate; Science and Engineering Related Fields
HC06_MOE_VC04,Percent Female; Margin of Error; Science and Engineering Related Fields
HC01_EST_VC05,Total; Estimate; Business
HC01_MOE_VC05,Total; Margin of Error; Business
HC02_EST_VC05,Percent; Estimate; Business
HC02_MOE_VC05,Percent; Margin of Error; Business
HC03_EST_VC05,Male; Estimate; Business
HC03_MOE_VC05,Male; Margin of Error; Business
HC04_EST_VC05,Percent Male; Estimate; Business
HC04_MOE_VC05,Percent Male; Margin of Error; Business
HC05_EST_VC05,Female; Estimate; Business
HC05_MOE_VC05,Female; Margin of Error; Business
HC06_EST_VC05,Percent Female; Estimate; Business
HC06_MOE_VC05,Percent Female; Margin of Error; Business
HC01_EST_VC06,Total; Estimate; Education
HC01_MOE_VC06,Total; Margin of Error; Education
HC02_EST_VC06,Percent; Estimate; Education
HC02_MOE_VC06,Percent; Margin of Error; Education
HC03_EST_VC06,Male; Estimate; Education
HC03_MOE_VC06,Male; Margin of Error; Education
HC04_EST_VC06,Percent Male; Estimate; Education
HC04_MOE_VC06,Percent Male; Margin of Error; Education
HC05_EST_VC06,Female; Estimate; Education
HC05_MOE_VC06,Female; Margin of Error; Education
HC06_EST_VC06,Percent Female; Estimate; Education
HC06_MOE_VC06,Percent Female; Margin of Error; Education
HC01_EST_VC07,"Total; Estimate; Arts, Humanities and Others"
HC01_MOE_VC07,"Total; Margin of Error; Arts, Humanities and Others"
HC02_EST_VC07,"Percent; Estimate; Arts, Humanities and Others"
HC02_MOE_VC07,"Percent; Margin of Error; Arts, Humanities and Others"
HC03_EST_VC07,"Male; Estimate; Arts, Humanities and Others"
HC03_MOE_VC07,"Male; Margin of Error; Arts, Humanities and Others"
HC04_EST_VC07,"Percent Male; Estimate; Arts, Humanities and Others"
HC04_MOE_VC07,"Percent Male; Margin of Error; Arts, Humanities and Others"
HC05_EST_VC07,"Female; Estimate; Arts, Humanities and Others"
HC05_MOE_VC07,"Female; Margin of Error; Arts, Humanities and Others"
HC06_EST_VC07,"Percent Female; Estimate; Arts, Humanities and Others"
HC06_MOE_VC07,"Percent Female; Margin of Error; Arts, Humanities and Others"
HC01_EST_VC10,Total; Estimate; DETAILED AGE - 25 to 39 years
HC01_MOE_VC10,Total; Margin of Error; DETAILED AGE - 25 to 39 years
HC02_EST_VC10,Percent; Estimate; DETAILED AGE - 25 to 39 years
HC02_MOE_VC10,Percent; Margin of Error; DETAILED AGE - 25 to 39 years
HC03_EST_VC10,Male; Estimate; DETAILED AGE - 25 to 39 years
HC03_MOE_VC10,Male; Margin of Error; DETAILED AGE - 25 to 39 years
HC04_EST_VC10,Percent Male; Estimate; DETAILED AGE - 25 to 39 years
HC04_MOE_VC10,Percent Male; Margin of Error; DETAILED AGE - 25 to 39 years
HC05_EST_VC10,Female; Estimate; DETAILED AGE - 25 to 39 years
HC05_MOE_VC10,Female; Margin of Error; DETAILED AGE - 25 to 39 years
HC06_EST_VC10,Percent Female; Estimate; DETAILED AGE - 25 to 39 years
HC06_MOE_VC10,Percent Female; Margin of Error; DETAILED AGE - 25 to 39 years
HC01_EST_VC11,Total; Estimate; DETAILED AGE - 25 to 39 years - Science and Engineering
HC01_MOE_VC11,Total; Margin of Error; DETAILED AGE - 25 to 39 years - Science and Engineering
HC02_EST_VC11,Percent; Estimate; DETAILED AGE - 25 to 39 years - Science and Engineering
HC02_MOE_VC11,Percent; Margin of Error; DETAILED AGE - 25 to 39 years - Science and Engineering
HC03_EST_VC11,Male; Estimate; DETAILED AGE - 25 to 39 years - Science and Engineering
HC03_MOE_VC11,Male; Margin of Error; DETAILED AGE - 25 to 39 years - Science and Engineering
HC04_EST_VC11,Percent Male; Estimate; DETAILED AGE - 25 to 39 years - Science and Engineering
HC04_MOE_VC11,Percent Male; Margin of Error; DETAILED AGE - 25 to 39 years - Science and Engineering
HC05_EST_VC11,Female; Estimate; DETAILED AGE - 25 to 39 years - Science and Engineering
HC05_MOE_VC11,Female; Margin of Error; DETAILED AGE - 25 to 39 years - Science and Engineering
HC06_EST_VC11,Percent Female; Estimate; DETAILED AGE - 25 to 39 years - Science and Engineering
HC06_MOE_VC11,Percent Female; Margin of Error; DETAILED AGE - 25 to 39 years - Science and Engineering
HC01_EST_VC12,Total; Estimate; DETAILED AGE - 25 to 39 years - Science and Engineering Related Fields
HC01_MOE_VC12,Total; Margin of Error; DETAILED AGE - 25 to 39 years - Science and Engineering Related Fields
HC02_EST_VC12,Percent; Estimate; DETAILED AGE - 25 to 39 years - Science and Engineering Related Fields
HC02_MOE_VC12,Percent; Margin of Error; DETAILED AGE - 25 to 39 years - Science and Engineering Related Fields
HC03_EST_VC12,Male; Estimate; DETAILED AGE - 25 to 39 years - Science and Engineering Related Fields
HC03_MOE_VC12,Male; Margin of Error; DETAILED AGE - 25 to 39 years - Science and Engineering Related Fields
HC04_EST_VC12,Percent Male; Estimate; DETAILED AGE - 25 to 39 years - Science and Engineering Related Fields
HC04_MOE_VC12,Percent Male; Margin of Error; DETAILED AGE - 25 to 39 years - Science and Engineering Related Fields
HC05_EST_VC12,Female; Estimate; DETAILED AGE - 25 to 39 years - Science and Engineering Related Fields
HC05_MOE_VC12,Female; Margin of Error; DETAILED AGE - 25 to 39 years - Science and Engineering Related Fields
HC06_EST_VC12,Percent Female; Estimate; DETAILED AGE - 25 to 39 years - Science and Engineering Related Fields
HC06_MOE_VC12,Percent Female; Margin of Error; DETAILED AGE - 25 to 39 years - Science and Engineering Related Fields
HC01_EST_VC13,Total; Estimate; DETAILED AGE - 25 to 39 years - Business
HC01_MOE_VC13,Total; Margin of Error; DETAILED AGE - 25 to 39 years - Business
HC02_EST_VC13,Percent; Estimate; DETAILED AGE - 25 to 39 years - Business
HC02_MOE_VC13,Percent; Margin of Error; DETAILED AGE - 25 to 39 years - Business
HC03_EST_VC13,Male; Estimate; DETAILED AGE - 25 to 39 years - Business
HC03_MOE_VC13,Male; Margin of Error; DETAILED AGE - 25 to 39 years - Business
HC04_EST_VC13,Percent Male; Estimate; DETAILED AGE - 25 to 39 years - Business
HC04_MOE_VC13,Percent Male; Margin of Error; DETAILED AGE - 25 to 39 years - Business
HC05_EST_VC13,Female; Estimate; DETAILED AGE - 25 to 39 years - Business
HC05_MOE_VC13,Female; Margin of Error; DETAILED AGE - 25 to 39 years - Business
HC06_EST_VC13,Percent Female; Estimate; DETAILED AGE - 25 to 39 years - Business
HC06_MOE_VC13,Percent Female; Margin of Error; DETAILED AGE - 25 to 39 years - Business
HC01_EST_VC14,Total; Estimate; DETAILED AGE - 25 to 39 years - Education
HC01_MOE_VC14,Total; Margin of Error; DETAILED AGE - 25 to 39 years - Education
HC02_EST_VC14,Percent; Estimate; DETAILED AGE - 25 to 39 years - Education
HC02_MOE_VC14,Percent; Margin of Error; DETAILED AGE - 25 to 39 years - Education
HC03_EST_VC14,Male; Estimate; DETAILED AGE - 25 to 39 years - Education
HC03_MOE_VC14,Male; Margin of Error; DETAILED AGE - 25 to 39 years - Education
HC04_EST_VC14,Percent Male; Estimate; DETAILED AGE - 25 to 39 years - Education
HC04_MOE_VC14,Percent Male; Margin of Error; DETAILED AGE - 25 to 39 years - Education
HC05_EST_VC14,Female; Estimate; DETAILED AGE - 25 to 39 years - Education
HC05_MOE_VC14,Female; Margin of Error; DETAILED AGE - 25 to 39 years - Education
HC06_EST_VC14,Percent Female; Estimate; DETAILED AGE - 25 to 39 years - Education
HC06_MOE_VC14,Percent Female; Margin of Error; DETAILED AGE - 25 to 39 years - Education
HC01_EST_VC15,"Total; Estimate; DETAILED AGE - 25 to 39 years - Arts, Humanities and Others"
HC01_MOE_VC15,"Total; Margin of Error; DETAILED AGE - 25 to 39 years - Arts, Humanities and Others"
HC02_EST_VC15,"Percent; Estimate; DETAILED AGE - 25 to 39 years - Arts, Humanities and Others"
HC02_MOE_VC15,"Percent; Margin of Error; DETAILED AGE - 25 to 39 years - Arts, Humanities and Others"
HC03_EST_VC15,"Male; Estimate; DETAILED AGE - 25 to 39 years - Arts, Humanities and Others"
HC03_MOE_VC15,"Male; Margin of Error; DETAILED AGE - 25 to 39 years - Arts, Humanities and Others"
HC04_EST_VC15,"Percent Male; Estimate; DETAILED AGE - 25 to 39 years - Arts, Humanities and Others"
HC04_MOE_VC15,"Percent Male; Margin of Error; DETAILED AGE - 25 to 39 years - Arts, Humanities and Others"
HC05_EST_VC15,"Female; Estimate; DETAILED AGE - 25 to 39 years - Arts, Humanities and Others"
HC05_MOE_VC15,"Female; Margin of Error; DETAILED AGE - 25 to 39 years - Arts, Humanities and Others"
HC06_EST_VC15,"Percent Female; Estimate; DETAILED AGE - 25 to 39 years - Arts, Humanities and Others"
HC06_MOE_VC15,"Percent Female; Margin of Error; DETAILED AGE - 25 to 39 years - Arts, Humanities and Others"
HC01_EST_VC16,Total; Estimate; DETAILED AGE - 40 to 64 years
HC01_MOE_VC16,Total; Margin of Error; DETAILED AGE - 40 to 64 years
HC02_EST_VC16,Percent; Estimate; DETAILED AGE - 40 to 64 years
HC02_MOE_VC16,Percent; Margin of Error; DETAILED AGE - 40 to 64 years
HC03_EST_VC16,Male; Estimate; DETAILED AGE - 40 to 64 years
HC03_MOE_VC16,Male; Margin of Error; DETAILED AGE - 40 to 64 years
HC04_EST_VC16,Percent Male; Estimate; DETAILED AGE - 40 to 64 years
HC04_MOE_VC16,Percent Male; Margin of Error; DETAILED AGE - 40 to 64 years
HC05_EST_VC16,Female; Estimate; DETAILED AGE - 40 to 64 years
HC05_MOE_VC16,Female; Margin of Error; DETAILED AGE - 40 to 64 years
HC06_EST_VC16,Percent Female; Estimate; DETAILED AGE - 40 to 64 years
HC06_MOE_VC16,Percent Female; Margin of Error; DETAILED AGE - 40 to 64 years
HC01_EST_VC17,Total; Estimate; DETAILED AGE - 40 to 64 years - Science and Engineering
HC01_MOE_VC17,Total; Margin of Error; DETAILED AGE - 40 to 64 years - Science and Engineering
HC02_EST_VC17,Percent; Estimate; DETAILED AGE - 40 to 64 years - Science and Engineering
HC02_MOE_VC17,Percent; Margin of Error; DETAILED AGE - 40 to 64 years - Science and Engineering
HC03_EST_VC17,Male; Estimate; DETAILED AGE - 40 to 64 years - Science and Engineering
HC03_MOE_VC17,Male; Margin of Error; DETAILED AGE - 40 to 64 years - Science and Engineering
HC04_EST_VC17,Percent Male; Estimate; DETAILED AGE - 40 to 64 years - Science and Engineering
HC04_MOE_VC17,Percent Male; Margin of Error; DETAILED AGE - 40 to 64 years - Science and Engineering
HC05_EST_VC17,Female; Estimate; DETAILED AGE - 40 to 64 years - Science and Engineering
HC05_MOE_VC17,Female; Margin of Error; DETAILED AGE - 40 to 64 years - Science and Engineering
HC06_EST_VC17,Percent Female; Estimate; DETAILED AGE - 40 to 64 years - Science and Engineering
HC06_MOE_VC17,Percent Female; Margin of Error; DETAILED AGE - 40 to 64 years - Science and Engineering
HC01_EST_VC18,Total; Estimate; DETAILED AGE - 40 to 64 years - Science and Engineering Related Fields
HC01_MOE_VC18,Total; Margin of Error; DETAILED AGE - 40 to 64 years - Science and Engineering Related Fields
HC02_EST_VC18,Percent; Estimate; DETAILED AGE - 40 to 64 years - Science and Engineering Related Fields
HC02_MOE_VC18,Percent; Margin of Error; DETAILED AGE - 40 to 64 years - Science and Engineering Related Fields
HC03_EST_VC18,Male; Estimate; DETAILED AGE - 40 to 64 years - Science and Engineering Related Fields
HC03_MOE_VC18,Male; Margin of Error; DETAILED AGE - 40 to 64 years - Science and Engineering Related Fields
HC04_EST_VC18,Percent Male; Estimate; DETAILED AGE - 40 to 64 years - Science and Engineering Related Fields
HC04_MOE_VC18,Percent Male; Margin of Error; DETAILED AGE - 40 to 64 years - Science and Engineering Related Fields
HC05_EST_VC18,Female; Estimate; DETAILED AGE - 40 to 64 years - Science and Engineering Related Fields
HC05_MOE_VC18,Female; Margin of Error; DETAILED AGE - 40 to 64 years - Science and Engineering Related Fields
HC06_EST_VC18,Percent Female; Estimate; DETAILED AGE - 40 to 64 years - Science and Engineering Related Fields
HC06_MOE_VC18,Percent Female; Margin of Error; DETAILED AGE - 40 to 64 years - Science and Engineering Related Fields
HC01_EST_VC19,Total; Estimate; DETAILED AGE - 40 to 64 years - Business
HC01_MOE_VC19,Total; Margin of Error; DETAILED AGE - 40 to 64 years - Business
HC02_EST_VC19,Percent; Estimate; DETAILED AGE - 40 to 64 years - Business
HC02_MOE_VC19,Percent; Margin of Error; DETAILED AGE - 40 to 64 years - Business
HC03_EST_VC19,Male; Estimate; DETAILED AGE - 40 to 64 years - Business
HC03_MOE_VC19,Male; Margin of Error; DETAILED AGE - 40 to 64 years - Business
HC04_EST_VC19,Percent Male; Estimate; DETAILED AGE - 40 to 64 years - Business
HC04_MOE_VC19,Percent Male; Margin of Error; DETAILED AGE - 40 to 64 years - Business
HC05_EST_VC19,Female; Estimate; DETAILED AGE - 40 to 64 years - Business
HC05_MOE_VC19,Female; Margin of Error; DETAILED AGE - 40 to 64 years - Business
HC06_EST_VC19,Percent Female; Estimate; DETAILED AGE - 40 to 64 years - Business
HC06_MOE_VC19,Percent Female; Margin of Error; DETAILED AGE - 40 to 64 years - Business
HC01_EST_VC20,Total; Estimate; DETAILED AGE - 40 to 64 years - Education
HC01_MOE_VC20,Total; Margin of Error; DETAILED AGE - 40 to 64 years - Education
HC02_EST_VC20,Percent; Estimate; DETAILED AGE - 40 to 64 years - Education
HC02_MOE_VC20,Percent; Margin of Error; DETAILED AGE - 40 to 64 years - Education
HC03_EST_VC20,Male; Estimate; DETAILED AGE - 40 to 64 years - Education
HC03_MOE_VC20,Male; Margin of Error; DETAILED AGE - 40 to 64 years - Education
HC04_EST_VC20,Percent Male; Estimate; DETAILED AGE - 40 to 64 years - Education
HC04_MOE_VC20,Percent Male; Margin of Error; DETAILED AGE - 40 to 64 years - Education
HC05_EST_VC20,Female; Estimate; DETAILED AGE - 40 to 64 years - Education
HC05_MOE_VC20,Female; Margin of Error; DETAILED AGE - 40 to 64 years - Education
HC06_EST_VC20,Percent Female; Estimate; DETAILED AGE - 40 to 64 years - Education
HC06_MOE_VC20,Percent Female; Margin of Error; DETAILED AGE - 40 to 64 years - Education
HC01_EST_VC21,"Total; Estimate; DETAILED AGE - 40 to 64 years - Arts, Humanities and Others"
HC01_MOE_VC21,"Total; Margin of Error; DETAILED AGE - 40 to 64 years - Arts, Humanities and Others"
HC02_EST_VC21,"Percent; Estimate; DETAILED AGE - 40 to 64 years - Arts, Humanities and Others"
HC02_MOE_VC21,"Percent; Margin of Error; DETAILED AGE - 40 to 64 years - Arts, Humanities and Others"
HC03_EST_VC21,"Male; Estimate; DETAILED AGE - 40 to 64 years - Arts, Humanities and Others"
HC03_MOE_VC21,"Male; Margin of Error; DETAILED AGE - 40 to 64 years - Arts, Humanities and Others"
HC04_EST_VC21,"Percent Male; Estimate; DETAILED AGE - 40 to 64 years - Arts, Humanities and Others"
HC04_MOE_VC21,"Percent Male; Margin of Error; DETAILED AGE - 40 to 64 years - Arts, Humanities and Others"
HC05_EST_VC21,"Female; Estimate; DETAILED AGE - 40 to 64 years - Arts, Humanities and Others"
HC05_MOE_VC21,"Female; Margin of Error; DETAILED AGE - 40 to 64 years - Arts, Humanities and Others"
HC06_EST_VC21,"Percent Female; Estimate; DETAILED AGE - 40 to 64 years - Arts, Humanities and Others"
HC06_MOE_VC21,"Percent Female; Margin of Error; DETAILED AGE - 40 to 64 years - Arts, Humanities and Others"
HC01_EST_VC22,Total; Estimate; DETAILED AGE - 65 years and over
HC01_MOE_VC22,Total; Margin of Error; DETAILED AGE - 65 years and over
HC02_EST_VC22,Percent; Estimate; DETAILED AGE - 65 years and over
HC02_MOE_VC22,Percent; Margin of Error; DETAILED AGE - 65 years and over
HC03_EST_VC22,Male; Estimate; DETAILED AGE - 65 years and over
HC03_MOE_VC22,Male; Margin of Error; DETAILED AGE - 65 years and over
HC04_EST_VC22,Percent Male; Estimate; DETAILED AGE - 65 years and over
HC04_MOE_VC22,Percent Male; Margin of Error; DETAILED AGE - 65 years and over
HC05_EST_VC22,Female; Estimate; DETAILED AGE - 65 years and over
HC05_MOE_VC22,Female; Margin of Error; DETAILED AGE - 65 years and over
HC06_EST_VC22,Percent Female; Estimate; DETAILED AGE - 65 years and over
HC06_MOE_VC22,Percent Female; Margin of Error; DETAILED AGE - 65 years and over
HC01_EST_VC23,Total; Estimate; DETAILED AGE - 65 years and over - Science and Engineering
HC01_MOE_VC23,Total; Margin of Error; DETAILED AGE - 65 years and over - Science and Engineering
HC02_EST_VC23,Percent; Estimate; DETAILED AGE - 65 years and over - Science and Engineering
HC02_MOE_VC23,Percent; Margin of Error; DETAILED AGE - 65 years and over - Science and Engineering
HC03_EST_VC23,Male; Estimate; DETAILED AGE - 65 years and over - Science and Engineering
HC03_MOE_VC23,Male; Margin of Error; DETAILED AGE - 65 years and over - Science and Engineering
HC04_EST_VC23,Percent Male; Estimate; DETAILED AGE - 65 years and over - Science and Engineering
HC04_MOE_VC23,Percent Male; Margin of Error; DETAILED AGE - 65 years and over - Science and Engineering
HC05_EST_VC23,Female; Estimate; DETAILED AGE - 65 years and over - Science and Engineering
HC05_MOE_VC23,Female; Margin of Error; DETAILED AGE - 65 years and over - Science and Engineering
HC06_EST_VC23,Percent Female; Estimate; DETAILED AGE - 65 years and over - Science and Engineering
HC06_MOE_VC23,Percent Female; Margin of Error; DETAILED AGE - 65 years and over - Science and Engineering
HC01_EST_VC24,Total; Estimate; DETAILED AGE - 65 years and over - Science and Engineering Related Fields
HC01_MOE_VC24,Total; Margin of Error; DETAILED AGE - 65 years and over - Science and Engineering Related Fields
HC02_EST_VC24,Percent; Estimate; DETAILED AGE - 65 years and over - Science and Engineering Related Fields
HC02_MOE_VC24,Percent; Margin of Error; DETAILED AGE - 65 years and over - Science and Engineering Related Fields
HC03_EST_VC24,Male; Estimate; DETAILED AGE - 65 years and over - Science and Engineering Related Fields
HC03_MOE_VC24,Male; Margin of Error; DETAILED AGE - 65 years and over - Science and Engineering Related Fields
HC04_EST_VC24,Percent Male; Estimate; DETAILED AGE - 65 years and over - Science and Engineering Related Fields
HC04_MOE_VC24,Percent Male; Margin of Error; DETAILED AGE - 65 years and over - Science and Engineering Related Fields
HC05_EST_VC24,Female; Estimate; DETAILED AGE - 65 years and over - Science and Engineering Related Fields
HC05_MOE_VC24,Female; Margin of Error; DETAILED AGE - 65 years and over - Science and Engineering Related Fields
HC06_EST_VC24,Percent Female; Estimate; DETAILED AGE - 65 years and over - Science and Engineering Related Fields
HC06_MOE_VC24,Percent Female; Margin of Error; DETAILED AGE - 65 years and over - Science and Engineering Related Fields
HC01_EST_VC25,Total; Estimate; DETAILED AGE - 65 years and over - Business
HC01_MOE_VC25,Total; Margin of Error; DETAILED AGE - 65 years and over - Business
HC02_EST_VC25,Percent; Estimate; DETAILED AGE - 65 years and over - Business
HC02_MOE_VC25,Percent; Margin of Error; DETAILED AGE - 65 years and over - Business
HC03_EST_VC25,Male; Estimate; DETAILED AGE - 65 years and over - Business
HC03_MOE_VC25,Male; Margin of Error; DETAILED AGE - 65 years and over - Business
HC04_EST_VC25,Percent Male; Estimate; DETAILED AGE - 65 years and over - Business
HC04_MOE_VC25,Percent Male; Margin of Error; DETAILED AGE - 65 years and over - Business
HC05_EST_VC25,Female; Estimate; DETAILED AGE - 65 years and over - Business
HC05_MOE_VC25,Female; Margin of Error; DETAILED AGE - 65 years and over - Business
HC06_EST_VC25,Percent Female; Estimate; DETAILED AGE - 65 years and over - Business
HC06_MOE_VC25,Percent Female; Margin of Error; DETAILED AGE - 65 years and over - Business
HC01_EST_VC26,Total; Estimate; DETAILED AGE - 65 years and over - Education
HC01_MOE_VC26,Total; Margin of Error; DETAILED AGE - 65 years and over - Education
HC02_EST_VC26,Percent; Estimate; DETAILED AGE - 65 years and over - Education
HC02_MOE_VC26,Percent; Margin of Error; DETAILED AGE - 65 years and over - Education
HC03_EST_VC26,Male; Estimate; DETAILED AGE - 65 years and over - Education
HC03_MOE_VC26,Male; Margin of Error; DETAILED AGE - 65 years and over - Education
HC04_EST_VC26,Percent Male; Estimate; DETAILED AGE - 65 years and over - Education
HC04_MOE_VC26,Percent Male; Margin of Error; DETAILED AGE - 65 years and over - Education
HC05_EST_VC26,Female; Estimate; DETAILED AGE - 65 years and over - Education
HC05_MOE_VC26,Female; Margin of Error; DETAILED AGE - 65 years and over - Education
HC06_EST_VC26,Percent Female; Estimate; DETAILED AGE - 65 years and over - Education
HC06_MOE_VC26,Percent Female; Margin of Error; DETAILED AGE - 65 years and over - Education
HC01_EST_VC27,"Total; Estimate; DETAILED AGE - 65 years and over - Arts, Humanities and Others"
HC01_MOE_VC27,"Total; Margin of Error; DETAILED AGE - 65 years and over - Arts, Humanities and Others"
HC02_EST_VC27,"Percent; Estimate; DETAILED AGE - 65 years and over - Arts, Humanities and Others"
HC02_MOE_VC27,"Percent; Margin of Error; DETAILED AGE - 65 years and over - Arts, Humanities and Others"
HC03_EST_VC27,"Male; Estimate; DETAILED AGE - 65 years and over - Arts, Humanities and Others"
HC03_MOE_VC27,"Male; Margin of Error; DETAILED AGE - 65 years and over - Arts, Humanities and Others"
HC04_EST_VC27,"Percent Male; Estimate; DETAILED AGE - 65 years and over - Arts, Humanities and Others"
HC04_MOE_VC27,"Percent Male; Margin of Error; DETAILED AGE - 65 years and over - Arts, Humanities and Others"
HC05_EST_VC27,"Female; Estimate; DETAILED AGE - 65 years and over - Arts, Humanities and Others"
HC05_MOE_VC27,"Female; Margin of Error; DETAILED AGE - 65 years and over - Arts, Humanities and Others"
HC06_EST_VC27,"Percent Female; Estimate; DETAILED AGE - 65 years and over - Arts, Humanities and Others"
HC06_MOE_VC27,"Percent Female; Margin of Error; DETAILED AGE - 65 years and over - Arts, Humanities and Others"
