GEO.id,Id
GEO.id2,Id2
GEO.display-label,Geography
HC01_EST_VC01,Total; Estimate; Citizens 18 years and over
HC01_MOE_VC01,Total; Margin of Error; Citizens 18 years and over
HC02_EST_VC01,Percent; Estimate; Citizens 18 years and over
HC02_MOE_VC01,Percent; Margin of Error; Citizens 18 years and over
HC01_EST_VC03,Total; Estimate; AGE - 18 to 29 years
HC01_MOE_VC03,Total; Margin of Error; AGE - 18 to 29 years
HC02_EST_VC03,Percent; Estimate; AGE - 18 to 29 years
HC02_MOE_VC03,Percent; Margin of Error; AGE - 18 to 29 years
HC01_EST_VC04,Total; Estimate; AGE - 30 to 44 years
HC01_MOE_VC04,Total; Margin of Error; AGE - 30 to 44 years
HC02_EST_VC04,Percent; Estimate; AGE - 30 to 44 years
HC02_MOE_VC04,Percent; Margin of Error; AGE - 30 to 44 years
HC01_EST_VC05,Total; Estimate; AGE - 45 to 64 years
HC01_MOE_VC05,Total; Margin of Error; AGE - 45 to 64 years
HC02_EST_VC05,Percent; Estimate; AGE - 45 to 64 years
HC02_MOE_VC05,Percent; Margin of Error; AGE - 45 to 64 years
HC01_EST_VC06,Total; Estimate; AGE - 65 years and over
HC01_MOE_VC06,Total; Margin of Error; AGE - 65 years and over
HC02_EST_VC06,Percent; Estimate; AGE - 65 years and over
HC02_MOE_VC06,Percent; Margin of Error; AGE - 65 years and over
HC01_EST_VC09,Total; Estimate; SEX - Male
HC01_MOE_VC09,Total; Margin of Error; SEX - Male
HC02_EST_VC09,Percent; Estimate; SEX - Male
HC02_MOE_VC09,Percent; Margin of Error; SEX - Male
HC01_EST_VC10,Total; Estimate; SEX - Female
HC01_MOE_VC10,Total; Margin of Error; SEX - Female
HC02_EST_VC10,Percent; Estimate; SEX - Female
HC02_MOE_VC10,Percent; Margin of Error; SEX - Female
HC01_EST_VC13,Total; Estimate; RACE AND HISPANIC ORIGIN - White alone
HC01_MOE_VC13,Total; Margin of Error; RACE AND HISPANIC ORIGIN - White alone
HC02_EST_VC13,Percent; Estimate; RACE AND HISPANIC ORIGIN - White alone
HC02_MOE_VC13,Percent; Margin of Error; RACE AND HISPANIC ORIGIN - White alone
HC01_EST_VC14,Total; Estimate; RACE AND HISPANIC ORIGIN - Black or African American alone
HC01_MOE_VC14,Total; Margin of Error; RACE AND HISPANIC ORIGIN - Black or African American alone
HC02_EST_VC14,Percent; Estimate; RACE AND HISPANIC ORIGIN - Black or African American alone
HC02_MOE_VC14,Percent; Margin of Error; RACE AND HISPANIC ORIGIN - Black or African American alone
HC01_EST_VC15,Total; Estimate; RACE AND HISPANIC ORIGIN - Asian alone
HC01_MOE_VC15,Total; Margin of Error; RACE AND HISPANIC ORIGIN - Asian alone
HC02_EST_VC15,Percent; Estimate; RACE AND HISPANIC ORIGIN - Asian alone
HC02_MOE_VC15,Percent; Margin of Error; RACE AND HISPANIC ORIGIN - Asian alone
HC01_EST_VC16,Total; Estimate; RACE AND HISPANIC ORIGIN - American Indian and Alaska Native alone
HC01_MOE_VC16,Total; Margin of Error; RACE AND HISPANIC ORIGIN - American Indian and Alaska Native alone
HC02_EST_VC16,Percent; Estimate; RACE AND HISPANIC ORIGIN - American Indian and Alaska Native alone
HC02_MOE_VC16,Percent; Margin of Error; RACE AND HISPANIC ORIGIN - American Indian and Alaska Native alone
HC01_EST_VC17,Total; Estimate; RACE AND HISPANIC ORIGIN - Native Hawaiian and Other Pacific Islander alone
HC01_MOE_VC17,Total; Margin of Error; RACE AND HISPANIC ORIGIN - Native Hawaiian and Other Pacific Islander alone
HC02_EST_VC17,Percent; Estimate; RACE AND HISPANIC ORIGIN - Native Hawaiian and Other Pacific Islander alone
HC02_MOE_VC17,Percent; Margin of Error; RACE AND HISPANIC ORIGIN - Native Hawaiian and Other Pacific Islander alone
HC01_EST_VC18,Total; Estimate; RACE AND HISPANIC ORIGIN - Some Other Race alone
HC01_MOE_VC18,Total; Margin of Error; RACE AND HISPANIC ORIGIN - Some Other Race alone
HC02_EST_VC18,Percent; Estimate; RACE AND HISPANIC ORIGIN - Some Other Race alone
HC02_MOE_VC18,Percent; Margin of Error; RACE AND HISPANIC ORIGIN - Some Other Race alone
HC01_EST_VC19,Total; Estimate; RACE AND HISPANIC ORIGIN - Two or More Races
HC01_MOE_VC19,Total; Margin of Error; RACE AND HISPANIC ORIGIN - Two or More Races
HC02_EST_VC19,Percent; Estimate; RACE AND HISPANIC ORIGIN - Two or More Races
HC02_MOE_VC19,Percent; Margin of Error; RACE AND HISPANIC ORIGIN - Two or More Races
HC01_EST_VC21,Total; Estimate; Hispanic or Latino
HC01_MOE_VC21,Total; Margin of Error; Hispanic or Latino
HC02_EST_VC21,Percent; Estimate; Hispanic or Latino
HC02_MOE_VC21,Percent; Margin of Error; Hispanic or Latino
HC01_EST_VC22,"Total; Estimate; White alone, Not Hispanic or Latino"
HC01_MOE_VC22,"Total; Margin of Error; White alone, Not Hispanic or Latino"
HC02_EST_VC22,"Percent; Estimate; White alone, Not Hispanic or Latino"
HC02_MOE_VC22,"Percent; Margin of Error; White alone, Not Hispanic or Latino"
HC01_EST_VC25,Total; Estimate; EDUCATIONAL ATTAINMENT - Less than 9th grade
HC01_MOE_VC25,Total; Margin of Error; EDUCATIONAL ATTAINMENT - Less than 9th grade
HC02_EST_VC25,Percent; Estimate; EDUCATIONAL ATTAINMENT - Less than 9th grade
HC02_MOE_VC25,Percent; Margin of Error; EDUCATIONAL ATTAINMENT - Less than 9th grade
HC01_EST_VC26,"Total; Estimate; EDUCATIONAL ATTAINMENT - 9th to 12th grade, no diploma"
HC01_MOE_VC26,"Total; Margin of Error; EDUCATIONAL ATTAINMENT - 9th to 12th grade, no diploma"
HC02_EST_VC26,"Percent; Estimate; EDUCATIONAL ATTAINMENT - 9th to 12th grade, no diploma"
HC02_MOE_VC26,"Percent; Margin of Error; EDUCATIONAL ATTAINMENT - 9th to 12th grade, no diploma"
HC01_EST_VC27,Total; Estimate; EDUCATIONAL ATTAINMENT - High school graduate (includes equivalency)
HC01_MOE_VC27,Total; Margin of Error; EDUCATIONAL ATTAINMENT - High school graduate (includes equivalency)
HC02_EST_VC27,Percent; Estimate; EDUCATIONAL ATTAINMENT - High school graduate (includes equivalency)
HC02_MOE_VC27,Percent; Margin of Error; EDUCATIONAL ATTAINMENT - High school graduate (includes equivalency)
HC01_EST_VC28,"Total; Estimate; EDUCATIONAL ATTAINMENT - Some college, no degree"
HC01_MOE_VC28,"Total; Margin of Error; EDUCATIONAL ATTAINMENT - Some college, no degree"
HC02_EST_VC28,"Percent; Estimate; EDUCATIONAL ATTAINMENT - Some college, no degree"
HC02_MOE_VC28,"Percent; Margin of Error; EDUCATIONAL ATTAINMENT - Some college, no degree"
HC01_EST_VC29,Total; Estimate; EDUCATIONAL ATTAINMENT - Associate's degree
HC01_MOE_VC29,Total; Margin of Error; EDUCATIONAL ATTAINMENT - Associate's degree
HC02_EST_VC29,Percent; Estimate; EDUCATIONAL ATTAINMENT - Associate's degree
HC02_MOE_VC29,Percent; Margin of Error; EDUCATIONAL ATTAINMENT - Associate's degree
HC01_EST_VC30,Total; Estimate; EDUCATIONAL ATTAINMENT - Bachelor's degree
HC01_MOE_VC30,Total; Margin of Error; EDUCATIONAL ATTAINMENT - Bachelor's degree
HC02_EST_VC30,Percent; Estimate; EDUCATIONAL ATTAINMENT - Bachelor's degree
HC02_MOE_VC30,Percent; Margin of Error; EDUCATIONAL ATTAINMENT - Bachelor's degree
HC01_EST_VC31,Total; Estimate; EDUCATIONAL ATTAINMENT - Graduate or professional degree
HC01_MOE_VC31,Total; Margin of Error; EDUCATIONAL ATTAINMENT - Graduate or professional degree
HC02_EST_VC31,Percent; Estimate; EDUCATIONAL ATTAINMENT - Graduate or professional degree
HC02_MOE_VC31,Percent; Margin of Error; EDUCATIONAL ATTAINMENT - Graduate or professional degree
HC01_EST_VC33,Total; Estimate; High school degree or higher
HC01_MOE_VC33,Total; Margin of Error; High school degree or higher
HC02_EST_VC33,Percent; Estimate; High school degree or higher
HC02_MOE_VC33,Percent; Margin of Error; High school degree or higher
HC01_EST_VC34,Total; Estimate; Bachelor's degree or higher
HC01_MOE_VC34,Total; Margin of Error; Bachelor's degree or higher
HC02_EST_VC34,Percent; Estimate; Bachelor's degree or higher
HC02_MOE_VC34,Percent; Margin of Error; Bachelor's degree or higher
HC01_EST_VC37,"Total; Estimate; POVERTY STATUS - Total Citizens, 18 years and older, for whom poverty status is determined"
HC01_MOE_VC37,"Total; Margin of Error; POVERTY STATUS - Total Citizens, 18 years and older, for whom poverty status is determined"
HC02_EST_VC37,"Percent; Estimate; POVERTY STATUS - Total Citizens, 18 years and older, for whom poverty status is determined"
HC02_MOE_VC37,"Percent; Margin of Error; POVERTY STATUS - Total Citizens, 18 years and older, for whom poverty status is determined"
HC01_EST_VC38,Total; Estimate; POVERTY STATUS - Income in the past 12 months below poverty level
HC01_MOE_VC38,Total; Margin of Error; POVERTY STATUS - Income in the past 12 months below poverty level
HC02_EST_VC38,Percent; Estimate; POVERTY STATUS - Income in the past 12 months below poverty level
HC02_MOE_VC38,Percent; Margin of Error; POVERTY STATUS - Income in the past 12 months below poverty level
HC01_EST_VC39,Total; Estimate; POVERTY STATUS - Income in the past 12 months at or above the poverty level
HC01_MOE_VC39,Total; Margin of Error; POVERTY STATUS - Income in the past 12 months at or above the poverty level
HC02_EST_VC39,Percent; Estimate; POVERTY STATUS - Income in the past 12 months at or above the poverty level
HC02_MOE_VC39,Percent; Margin of Error; POVERTY STATUS - Income in the past 12 months at or above the poverty level
HC01_EST_VC42,"Total; Estimate; HOUSEHOLD INCOME (IN 2017 INFLATION-ADJUSTED DOLLARS) - Median Household Income for Households with a Citizen, Voting-Age Householder"
HC01_MOE_VC42,"Total; Margin of Error; HOUSEHOLD INCOME (IN 2017 INFLATION-ADJUSTED DOLLARS) - Median Household Income for Households with a Citizen, Voting-Age Householder"
HC02_EST_VC42,"Percent; Estimate; HOUSEHOLD INCOME (IN 2017 INFLATION-ADJUSTED DOLLARS) - Median Household Income for Households with a Citizen, Voting-Age Householder"
HC02_MOE_VC42,"Percent; Margin of Error; HOUSEHOLD INCOME (IN 2017 INFLATION-ADJUSTED DOLLARS) - Median Household Income for Households with a Citizen, Voting-Age Householder"
