GEO.id,GEO.id2,GEO.display-label,HC01_EST_VC01,HC01_MOE_VC01,HC02_EST_VC01,HC02_MOE_VC01,HC03_EST_VC01,HC03_MOE_VC01,HC04_EST_VC01,HC04_MOE_VC01,HC01_EST_VC03,HC01_MOE_VC03,HC02_EST_VC03,HC02_MOE_VC03,HC03_EST_VC03,HC03_MOE_VC03,HC04_EST_VC03,HC04_MOE_VC03,HC01_EST_VC04,HC01_MOE_VC04,HC02_EST_VC04,HC02_MOE_VC04,HC03_EST_VC04,HC03_MOE_VC04,HC04_EST_VC04,HC04_MOE_VC04,HC01_EST_VC05,HC01_MOE_VC05,HC02_EST_VC05,HC02_MOE_VC05,HC03_EST_VC05,HC03_MOE_VC05,HC04_EST_VC05,HC04_MOE_VC05,HC01_EST_VC06,HC01_MOE_VC06,HC02_EST_VC06,HC02_MOE_VC06,HC03_EST_VC06,HC03_MOE_VC06,HC04_EST_VC06,HC04_MOE_VC06
Id,Id2,Geography,Total; Estimate; All households,Total; Margin of Error; All households,Percent; Estimate; All households,Percent; Margin of Error; All households,Limited English-speaking households; Estimate; All households,Limited English-speaking households; Margin of Error; All households,Percent limited English-speaking households; Estimate; All households,Percent limited English-speaking households; Margin of Error; All households,Total; Estimate; Households speaking -- - Spanish,Total; Margin of Error; Households speaking -- - Spanish,Percent; Estimate; Households speaking -- - Spanish,Percent; Margin of Error; Households speaking -- - Spanish,Limited English-speaking households; Estimate; Households speaking -- - Spanish,Limited English-speaking households; Margin of Error; Households speaking -- - Spanish,Percent limited English-speaking households; Estimate; Households speaking -- - Spanish,Percent limited English-speaking households; Margin of Error; Households speaking -- - Spanish,Total; Estimate; Households speaking -- - Other Indo-European languages,Total; Margin of Error; Households speaking -- - Other Indo-European languages,Percent; Estimate; Households speaking -- - Other Indo-European languages,Percent; Margin of Error; Households speaking -- - Other Indo-European languages,Limited English-speaking households; Estimate; Households speaking -- - Other Indo-European languages,Limited English-speaking households; Margin of Error; Households speaking -- - Other Indo-European languages,Percent limited English-speaking households; Estimate; Households speaking -- - Other Indo-European languages,Percent limited English-speaking households; Margin of Error; Households speaking -- - Other Indo-European languages,Total; Estimate; Households speaking -- - Asian and Pacific Island languages,Total; Margin of Error; Households speaking -- - Asian and Pacific Island languages,Percent; Estimate; Households speaking -- - Asian and Pacific Island languages,Percent; Margin of Error; Households speaking -- - Asian and Pacific Island languages,Limited English-speaking households; Estimate; Households speaking -- - Asian and Pacific Island languages,Limited English-speaking households; Margin of Error; Households speaking -- - Asian and Pacific Island languages,Percent limited English-speaking households; Estimate; Households speaking -- - Asian and Pacific Island languages,Percent limited English-speaking households; Margin of Error; Households speaking -- - Asian and Pacific Island languages,Total; Estimate; Households speaking -- - Other languages,Total; Margin of Error; Households speaking -- - Other languages,Percent; Estimate; Households speaking -- - Other languages,Percent; Margin of Error; Households speaking -- - Other languages,Limited English-speaking households; Estimate; Households speaking -- - Other languages,Limited English-speaking households; Margin of Error; Households speaking -- - Other languages,Percent limited English-speaking households; Estimate; Households speaking -- - Other languages,Percent limited English-speaking households; Margin of Error; Households speaking -- - Other languages
0400000US01,01,Alabama,1841665,12421,(X),(X),18324,2479,1.0,0.1,55082,3264,3.0,0.2,12019,1918,21.8,3.2,21551,2068,1.2,0.1,2269,804,10.5,3.6,18759,1733,1.0,0.1,3541,908,18.9,4.8,5999,1400,0.3,0.1,495,418,8.3,6.6
0400000US02,02,Alaska,250741,3074,(X),(X),5207,1061,2.1,0.4,10814,1673,4.3,0.7,1424,750,13.2,6.3,7915,1417,3.2,0.6,558,400,7.0,4.9,14074,1197,5.6,0.5,2620,625,18.6,4.5,14117,1594,5.6,0.6,605,268,4.3,1.9
0400000US04,04,Arizona,2552972,11005,(X),(X),103077,5455,4.0,0.2,505707,8625,19.8,0.3,73950,5082,14.6,1.0,70023,4097,2.7,0.2,5951,1091,8.5,1.4,60119,2478,2.4,0.1,11442,1477,19.0,2.4,71247,3589,2.8,0.1,11734,1344,16.5,1.7
0400000US05,05,Arkansas,1153082,8560,(X),(X),17628,2564,1.5,0.2,55464,2932,4.8,0.3,12108,2116,21.8,3.7,11454,1889,1.0,0.2,788,570,6.9,4.8,14010,1726,1.2,0.1,4471,1207,31.9,7.3,2877,1011,0.2,0.1,261,224,9.1,7.4
0400000US06,06,California,13005097,17539,(X),(X),1171562,15323,9.0,0.1,3365758,17218,25.9,0.1,653537,11949,19.4,0.3,767977,12156,5.9,0.1,116492,5566,15.2,0.7,1449961,11467,11.1,0.1,376465,8888,26.0,0.6,153797,6804,1.2,0.1,25068,2842,16.3,1.4
0400000US08,08,Colorado,2139207,8774,(X),(X),56775,4176,2.7,0.2,246351,6290,11.5,0.3,37429,3333,15.2,1.2,66697,4261,3.1,0.2,5817,1254,8.7,1.8,45325,3030,2.1,0.1,10382,1814,22.9,3.7,24047,2694,1.1,0.1,3147,945,13.1,3.8
0400000US09,09,Connecticut,1356762,6513,(X),(X),72580,4473,5.3,0.3,165622,4218,12.2,0.3,44051,3110,26.6,1.7,108800,5669,8.0,0.4,18012,2153,16.6,1.8,35401,2310,2.6,0.2,7715,1394,21.8,3.6,18986,2306,1.4,0.2,2802,872,14.8,4.3
0400000US10,10,Delaware,357937,4266,(X),(X),8574,1512,2.4,0.4,24542,1848,6.9,0.5,4970,1337,20.3,5.4,13553,1883,3.8,0.5,2045,770,15.1,5.1,10305,1258,2.9,0.4,1487,410,14.4,4.0,3706,1057,1.0,0.3,72,120,1.9,3.3
0400000US11,11,District of Columbia,281475,3302,(X),(X),10135,1740,3.6,0.6,23988,1963,8.5,0.7,5605,1296,23.4,5.0,17094,1881,6.1,0.7,1341,618,7.8,3.5,6751,1103,2.4,0.4,1694,717,25.1,9.1,6490,1253,2.3,0.4,1495,617,23.0,8.1
0400000US12,12,Florida,7689964,22835,(X),(X),533993,11837,6.9,0.1,1585228,15396,20.6,0.2,419532,10514,26.5,0.6,462081,11768,6.0,0.2,77823,4597,16.8,0.9,139648,4926,1.8,0.1,27902,2793,20.0,1.9,62358,3952,0.8,0.1,8736,1818,14.0,2.6
0400000US13,13,Georgia,3745074,16431,(X),(X),104293,5614,2.8,0.1,281390,7063,7.5,0.2,60652,4287,21.6,1.5,115439,5601,3.1,0.2,13017,2081,11.3,1.8,95740,4649,2.6,0.1,23959,2800,25.0,2.6,40977,3749,1.1,0.1,6665,1661,16.3,4.0
0400000US15,15,Hawaii,458078,4221,(X),(X),25276,2367,5.5,0.5,15460,2231,3.4,0.5,1246,581,8.1,3.3,8513,1444,1.9,0.3,548,316,6.4,3.7,119376,4376,26.1,1.0,23379,2323,19.6,1.8,4975,1115,1.1,0.2,103,139,2.1,2.8
0400000US16,16,Idaho,625135,5980,(X),(X),13158,1981,2.1,0.3,51853,3183,8.3,0.5,10208,1714,19.7,3.0,11627,1589,1.9,0.3,939,498,8.1,4.1,9057,1441,1.4,0.2,994,586,11.0,6.1,4500,1294,0.7,0.2,1017,668,22.6,13.2
0400000US17,17,Illinois,4808672,14430,(X),(X),215017,6402,4.5,0.1,561445,7999,11.7,0.2,105925,4985,18.9,0.9,324574,8524,6.7,0.2,63349,3691,19.5,1.0,152052,4611,3.2,0.1,34066,2715,22.4,1.7,55493,4119,1.2,0.1,11677,2024,21.0,3.1
0400000US18,18,Indiana,2557299,10669,(X),(X),43708,3745,1.7,0.1,121018,3950,4.7,0.2,24684,2941,20.4,2.3,61150,3812,2.4,0.1,7896,1571,12.9,2.3,37152,2941,1.5,0.1,8405,1509,22.6,3.6,12418,2090,0.5,0.1,2723,1158,21.9,8.2
0400000US19,19,Iowa,1257505,6773,(X),(X),23363,2722,1.9,0.2,47662,2604,3.8,0.2,11763,1861,24.7,3.3,25704,2593,2.0,0.2,3590,1124,14.0,3.9,22017,1962,1.8,0.2,6092,1388,27.7,5.3,8874,1509,0.7,0.1,1918,952,21.6,9.7
0400000US20,20,Kansas,1128983,6821,(X),(X),27297,2629,2.4,0.2,84155,3543,7.5,0.3,17264,2286,20.5,2.5,23235,2180,2.1,0.2,2983,926,12.8,3.8,23889,2232,2.1,0.2,5645,1194,23.6,4.5,7997,1384,0.7,0.1,1405,693,17.6,8.0
0400000US21,21,Kentucky,1725034,10346,(X),(X),21392,2445,1.2,0.1,50256,2977,2.9,0.2,11171,1805,22.2,3.3,31661,3057,1.8,0.2,4767,1347,15.1,4.0,18233,1779,1.1,0.1,4172,1008,22.9,5.2,8561,1294,0.5,0.1,1282,678,15.0,7.8
0400000US22,22,Louisiana,1737123,11255,(X),(X),35800,2691,2.1,0.2,77943,3492,4.5,0.2,23568,2443,30.2,2.7,80640,4142,4.6,0.2,5832,1226,7.2,1.5,21245,1461,1.2,0.1,5526,988,26.0,4.2,6237,1384,0.4,0.1,874,522,14.0,8.1
0400000US23,23,Maine,540959,6050,(X),(X),4576,898,0.8,0.2,6405,1007,1.2,0.2,646,476,10.1,6.9,32262,2327,6.0,0.4,2738,759,8.5,2.2,4649,813,0.9,0.1,684,275,14.7,5.6,3170,890,0.6,0.2,508,357,16.0,10.6
0400000US24,24,Maryland,2207343,8135,(X),(X),71398,4464,3.2,0.2,164342,4811,7.4,0.2,33422,2952,20.3,1.7,117293,5128,5.3,0.2,12310,1916,10.5,1.5,91465,3823,4.1,0.2,20239,2055,22.1,2.0,52882,3775,2.4,0.2,5427,1315,10.3,2.4
0400000US25,25,Massachusetts,2604954,9148,(X),(X),160061,5856,6.1,0.2,236649,4843,9.1,0.2,60945,4299,25.8,1.7,280496,8699,10.8,0.3,57713,4139,20.6,1.4,114027,3643,4.4,0.1,33434,2325,29.3,1.7,39868,2793,1.5,0.1,7969,1616,20.0,3.7
0400000US26,26,Michigan,3930017,12926,(X),(X),63130,4019,1.6,0.1,124591,4478,3.2,0.1,16526,1808,13.3,1.5,136834,5029,3.5,0.1,15970,2198,11.7,1.4,72135,2821,1.8,0.1,14889,1633,20.6,2.1,74900,4175,1.9,0.1,15745,2378,21.0,2.7
0400000US27,27,Minnesota,2162211,7968,(X),(X),51127,3847,2.4,0.2,75644,2607,3.5,0.1,13992,1733,18.5,2.3,54835,3212,2.5,0.1,5418,892,9.9,1.6,69056,2900,3.2,0.1,15048,1839,21.8,2.5,57396,3790,2.7,0.2,16669,2519,29.0,4.0
0400000US28,28,Mississippi,1091980,9693,(X),(X),7305,1256,0.7,0.1,23874,2263,2.2,0.2,4093,968,17.1,4.0,8997,1428,0.8,0.1,1133,612,12.6,6.2,7402,1178,0.7,0.1,1940,758,26.2,9.1,3884,846,0.4,0.1,139,146,3.6,3.6
0400000US29,29,Missouri,2385135,13054,(X),(X),28474,2644,1.2,0.1,69148,3682,2.9,0.2,11071,1848,16.0,2.6,51692,3373,2.2,0.1,5881,1195,11.4,2.3,36284,2421,1.5,0.1,8230,1505,22.7,3.7,13708,2012,0.6,0.1,3292,1191,24.0,7.6
0400000US30,30,Montana,423091,4068,(X),(X),1898,866,0.4,0.2,10057,1365,2.4,0.3,1030,626,10.2,5.8,6498,1026,1.5,0.2,265,200,4.1,3.0,3129,860,0.7,0.2,533,626,17.0,17.6,3906,665,0.9,0.2,70,81,1.8,2.1
0400000US31,31,Nebraska,754490,4583,(X),(X),22863,2495,3.0,0.3,57088,2724,7.6,0.4,14964,2127,26.2,3.4,14763,1582,2.0,0.2,1742,669,11.8,4.2,12029,1323,1.6,0.2,4026,1042,33.5,7.4,5815,1172,0.8,0.2,2131,948,36.6,12.9
0400000US32,32,Nevada,1094613,6821,(X),(X),63381,3718,5.8,0.3,210151,5113,19.2,0.4,43914,3122,20.9,1.4,37365,2938,3.4,0.3,4583,1285,12.3,3.3,75739,3131,6.9,0.3,12829,1818,16.9,2.3,13639,1830,1.2,0.2,2055,678,15.1,4.9
0400000US33,33,New Hampshire,528700,4349,(X),(X),6943,1270,1.3,0.2,13288,1928,2.5,0.4,2383,805,17.9,6.1,26728,2639,5.1,0.5,2336,733,8.7,2.6,8316,1371,1.6,0.3,1387,501,16.7,5.7,3700,1161,0.7,0.2,837,571,22.6,12.9
0400000US34,34,New Jersey,3218798,8951,(X),(X),230905,7468,7.2,0.2,516527,7496,16.0,0.2,137303,5745,26.6,1.0,306199,7013,9.5,0.2,50036,4169,16.3,1.3,171759,5085,5.3,0.2,35479,2968,20.7,1.6,57428,4538,1.8,0.1,8087,1614,14.1,2.5
0400000US35,35,New Mexico,767705,6614,(X),(X),42477,3473,5.5,0.5,234267,6431,30.5,0.7,36354,3233,15.5,1.3,10632,1666,1.4,0.2,999,551,9.4,4.6,9074,1339,1.2,0.2,1556,619,17.1,6.3,41258,2173,5.4,0.3,3568,744,8.6,1.8
0400000US36,36,New York,7304332,18884,(X),(X),597146,12308,8.2,0.2,1084485,11091,14.8,0.1,287470,8192,26.5,0.7,696389,10489,9.5,0.1,146739,6337,21.1,0.9,378739,7073,5.2,0.1,142087,5504,37.5,1.3,134523,5990,1.8,0.1,20850,2679,15.5,1.8
0400000US37,37,North Carolina,3955069,14774,(X),(X),93886,5281,2.4,0.1,274001,6013,6.9,0.1,65556,4270,23.9,1.5,88740,4552,2.2,0.1,9207,1985,10.4,2.1,71509,3809,1.8,0.1,14344,1913,20.1,2.4,26801,2774,0.7,0.1,4779,1065,17.8,3.7
0400000US38,38,North Dakota,316306,3300,(X),(X),2584,797,0.8,0.3,7364,1009,2.3,0.3,1024,540,13.9,7.0,7821,1139,2.5,0.4,469,240,6.0,2.8,3806,954,1.2,0.3,620,442,16.3,11.8,4709,1442,1.5,0.5,471,402,10.0,8.1
0400000US39,39,Ohio,4667192,13650,(X),(X),62858,3588,1.3,0.1,126284,4570,2.7,0.1,22681,2435,18.0,1.9,141049,5597,3.0,0.1,18564,2109,13.2,1.4,63653,3122,1.4,0.1,12826,1805,20.1,2.6,46037,3796,1.0,0.1,8787,1758,19.1,3.4
0400000US40,40,Oklahoma,1470364,5913,(X),(X),27446,2554,1.9,0.2,95246,3035,6.5,0.2,19819,2168,20.8,2.2,18553,2097,1.3,0.1,1188,514,6.4,2.5,23419,1846,1.6,0.1,5285,937,22.6,4.3,14015,1458,1.0,0.1,1154,536,8.2,3.7
0400000US41,41,Oregon,1603635,8695,(X),(X),39347,3114,2.5,0.2,126247,4196,7.9,0.3,20381,2726,16.1,2.1,51864,3572,3.2,0.2,4213,1014,8.1,1.9,51734,2872,3.2,0.2,12368,1665,23.9,3.0,11719,2051,0.7,0.1,2385,921,20.4,7.1
0400000US42,42,Pennsylvania,5008751,12653,(X),(X),127566,5942,2.5,0.1,262981,6298,5.3,0.1,60927,4530,23.2,1.7,206547,5763,4.1,0.1,30753,2849,14.9,1.3,102826,3900,2.1,0.1,27647,2204,26.9,2.0,39247,3665,0.8,0.1,8239,1827,21.0,4.0
0400000US44,44,Rhode Island,408748,4427,(X),(X),25711,2249,6.3,0.6,47471,2527,11.6,0.6,17355,2207,36.6,4.1,38612,2752,9.4,0.7,5568,1110,14.4,2.9,10689,1309,2.6,0.3,2206,866,20.6,7.4,3193,1040,0.8,0.3,582,516,18.2,14.5
0400000US45,45,South Carolina,1905100,10277,(X),(X),25575,2374,1.3,0.1,88835,3969,4.7,0.2,17028,2478,19.2,2.8,34163,2947,1.8,0.2,3496,924,10.2,2.5,21165,2185,1.1,0.1,4625,1041,21.9,4.3,4181,1114,0.2,0.1,426,319,10.2,7.4
0400000US46,46,South Dakota,344260,3147,(X),(X),3815,965,1.1,0.3,8597,1231,2.5,0.4,2233,873,26.0,9.5,6172,1274,1.8,0.4,325,181,5.3,2.8,2771,694,0.8,0.2,253,189,9.1,6.5,6480,1050,1.9,0.3,1004,641,15.5,8.9
0400000US47,47,Tennessee,2588655,10916,(X),(X),40872,3444,1.6,0.1,98677,4109,3.8,0.2,23968,2544,24.3,2.5,38090,3004,1.5,0.1,3850,1187,10.1,2.9,31182,2607,1.2,0.1,7406,1430,23.8,4.2,17626,2704,0.7,0.1,5648,1554,32.0,7.1
0400000US48,48,Texas,9623874,22217,(X),(X),756898,16519,7.9,0.2,2784007,15918,28.9,0.2,632768,13686,22.7,0.5,274797,9299,2.9,0.1,29988,3643,10.9,1.2,311800,8420,3.2,0.1,73752,5234,23.7,1.5,107828,6217,1.1,0.1,20390,2882,18.9,2.5
0400000US49,49,Utah,975448,5045,(X),(X),23735,2896,2.4,0.3,110892,4142,11.4,0.4,15438,2308,13.9,2.1,34151,2797,3.5,0.3,2988,914,8.7,2.5,30727,2465,3.2,0.3,4444,1223,14.5,3.6,9083,1243,0.9,0.1,865,379,9.5,4.0
0400000US50,50,Vermont,256629,3631,(X),(X),1333,552,0.5,0.2,3582,661,1.4,0.3,140,180,3.9,5.0,12083,1719,4.7,0.7,567,302,4.7,2.4,1897,599,0.7,0.2,582,371,30.7,15.2,802,509,0.3,0.2,44,81,5.5,9.4
0400000US51,51,Virginia,3120880,13665,(X),(X),85223,4661,2.7,0.1,209542,5198,6.7,0.2,41292,3677,19.7,1.6,139954,4981,4.5,0.2,11897,1948,8.5,1.3,126660,4640,4.1,0.1,25094,2574,19.8,1.9,53650,3304,1.7,0.1,6940,1720,12.9,3.0
0400000US53,53,Washington,2840377,11168,(X),(X),107879,5598,3.8,0.2,218348,4995,7.7,0.2,43719,3686,20.0,1.6,131345,6000,4.6,0.2,16845,2204,12.8,1.6,186129,5983,6.6,0.2,40197,3069,21.6,1.6,32931,3227,1.2,0.1,7118,1506,21.6,4.1
0400000US54,54,West Virginia,715308,7000,(X),(X),3012,963,0.4,0.1,8815,1271,1.2,0.2,973,478,11.0,5.0,7899,1534,1.1,0.2,1158,758,14.7,8.3,3683,907,0.5,0.1,599,299,16.3,8.0,2055,657,0.3,0.1,282,267,13.7,12.3
0400000US55,55,Wisconsin,2350293,7563,(X),(X),35865,2994,1.5,0.1,105659,3453,4.5,0.1,20905,2331,19.8,2.0,59210,3391,2.5,0.1,6041,1035,10.2,1.7,36716,2232,1.6,0.1,6839,1239,18.6,3.3,11895,1990,0.5,0.1,2080,764,17.5,5.6
0400000US56,56,Wyoming,225796,3968,(X),(X),3287,1214,1.5,0.5,14022,1550,6.2,0.7,2715,1149,19.4,7.6,3865,806,1.7,0.4,57,105,1.5,2.7,2515,739,1.1,0.3,444,272,17.7,10.5,1640,456,0.7,0.2,71,123,4.3,7.4
0400000US72,72,Puerto Rico,1191305,10722,(X),(X),812563,11404,68.2,0.7,1131749,11618,95.0,0.3,811687,11423,71.7,0.7,2317,797,0.2,0.1,529,323,22.8,13.0,472,415,0.0,0.1,347,382,73.5,37.6,0,262,0.0,0.1,0,262,-,**
