"","Total.revenue","General.revenue","Intergovernmental.revenue","Taxes","General.sales","Selective.sales","License.taxes","Individual.income.tax","Corporate.income.tax","Other.taxes","Current.charge","Miscellaneous.general.revenue","Utility.revenue","Insurance.trust.revenue","Total.expenditure","Intergovernmental.expenditure","Direct.expenditure","Current.operation","Capital.outlay","Insurance.benefits.and.repayments","Assistance.and.subsidies","Interest.on.debt","Exhibit..Salaries.and.wages","Total.expenditure.1","General.expenditure","Intergovernmental.expenditure.1","Direct.expenditure.1","Education","Public.welfare","Hospitals","Health","Highways","Police.protection","Correction","Natural.resources","Parks.and.recreation","Governmental.administration","Interest.on.general.debt","Other.and.unallocable","Utility.expenditure","Insurance.trust.expenditure","Debt.at.end.of.fiscal.year","Cash.and.security.holdings","State","Poverty","Internet","Smartphone","Computer","Broadband"
"1",1,0.834492044550468,0.310120177390946,0.324736047494432,0.0827532763949077,0.0808060106649517,0.0165079645512355,0.112977787979443,0.0162120345211388,0.0154789733827552,0.157122138745613,0.0425136809194765,NA,0.155365385375458,1.05609295432179,0.216060279207833,0.840032675113961,0.594433878433914,0.0618154319250588,0.108531637208111,0.0631020760984665,0.0121496514484114,0.153435824328154,1.05609295432179,0.93754498641415,0.216060279207833,0.721484707206317,0.40047128743091,0.266413549967165,0.0896229426254822,0.017194332706147,0.051730682601546,0.00534902724613511,0.0172665540964708,0.00920506348936603,0.000711117306364696,0.0201276058768076,0.0121496514484114,0.0473031716193438,2.3377661952026e-06,0.108531637208111,0.273452283448977,1.43957320119489,"Alabama",29.1,78.5,77.3,86.1,82.2
"2",1,0.790153288722829,0.311200308134022,0.112651654980032,0,0.0249128023513019,0.0127752911054138,0,0.00831073740645154,0.0666528241168652,0.0708700676921515,0.295431257916622,0.00176961187270384,0.208077099404467,1.06900653099453,0.173234492604272,0.895772038390257,0.620893179637477,0.111327617931991,0.129501124730842,0.0150280666692042,0.0190220494207433,0.161511026982746,1.06900653099453,0.925894828056027,0.173234492604272,0.752660335451755,0.238983384963582,0.257976177558822,0.00274228296785025,0.0216861248226838,0.108313407446837,0.0134789698340352,0.0299530243320212,0.0383561716468601,0.0014556454216666,0.0629707248061333,0.01877095200574,0.131207962249795,0.0136105782076606,0.129501124730842,0.560681307198751,7.85677041761893,"Alaska",21,86.4,87.6,94.2,88.7
"3",1,0.793392106857448,0.351113037025096,0.317742504959532,0.150227917827368,0.0451432341840205,0.0115646503312688,0.0788292984959988,0.00842218525709896,0.0235552188637769,0.0708266485009896,0.0537099163718294,0.00067375468799999,0.205934138454552,0.894026852407298,0.218726532260576,0.675300320146722,0.50488387500503,0.0371389827347444,0.0987153568551428,0.020025453514118,0.014536652037687,0.0935831763660308,0.894026852407298,0.794686859754313,0.218726532260576,0.575960327493737,0.266654832682232,0.335975359201045,0.0001706463910965,0.0133602008553093,0.0507256521013105,0.00642096224935325,0.0247292678647543,0.00701981463349884,0.00189532112486788,0.018296226074645,0.0144947168138125,0.0549438597623886,0.000624635797842571,0.0987153568551428,0.326956311938675,1.43480066733057,"Arizona",24.6,86,83.3,92.2,87.7
"4",1,0.815106370834188,0.305105137905519,0.366767604431159,0.130438149086937,0.0507768510493055,0.0148213134093499,0.106672687808779,0.0153003788471065,0.0487582242296807,0.0988010221552927,0.0444326063422174,NA,0.184893629165812,0.888699031320435,0.207085073350006,0.681613957970429,0.528042613776403,0.0527447578274109,0.076299669267559,0.0186647825738579,0.00586213452519778,0.116446277937117,0.888699031320435,0.812399362052876,0.207085073350006,0.60531428870287,0.30230320248115,0.288374924088555,0.0446845492840207,0.00947720933860796,0.0672061747719361,0.00483301100798336,0.0161916409748716,0.0109303231117162,0.00262356737562056,0.0241908390123914,0.00586213452519778,0.035721786080825,NA,0.076299669267559,0.1850718430503,1.35101267226363,"Arkansas",30.7,73.3,78.2,86.3,77.1
"5",1,0.723953223961224,0.233338402462644,0.390425195756863,0.0886998094736558,0.0315653971365959,0.0264058956699936,0.211219507581668,0.0253686926091693,0.00716589328578018,0.0767742119828597,0.0234154137588579,0.00251889985812124,0.273527876180655,0.878055224944411,0.270625525372355,0.607429699572056,0.426425919650604,0.0220171067309775,0.127915792112247,0.0133369845781733,0.017733896500053,0.0896327182511032,0.878055224944411,0.744514116680553,0.270625525372355,0.473888591308198,0.243940638605934,0.311277941380261,0.0336828440293969,0.0188238211815885,0.0271578937281039,0.00478492860053599,0.0213938873023679,0.0144194861879689,0.00153896909463411,0.0217302987060123,0.0173074273565004,0.0284559805072494,0.00562531615161068,0.127915792112247,0.379822282280227,1.80836779371256,"California",25.5,87.9,86.8,93.5,90.2
"6",1,0.801816067496351,0.243489240942247,0.379693037295497,0.0856875790811028,0.0618686817831088,0.021528012331905,0.19540272312307,0.0152060409763103,0,0.11925047657243,0.0593833126861768,NA,0.198183932503649,1.00550122530756,0.218773069816926,0.786728155490638,0.538252957108194,0.0518623294020303,0.161183815698092,0.0145766143765201,0.0208524389058024,0.158505084494148,1.00550122530756,0.84388379055325,0.218773069816926,0.625110720736324,0.345563747927852,0.243541285586137,0.0294870452279176,0.0164924556843741,0.0572586023265596,0.00678522334891316,0.029779663289279,0.0119769714677971,0.002954835376088,0.0283312456018104,0.0204931611208961,0.0512195535956261,0.0004336190562226,0.161183815698092,0.48853173687563,2.11842553012749,"Colorado",21,88.6,86.1,94.2,90.9
"7",1,0.802547794959595,0.217412219341333,0.471624917973226,0.122241108092815,0.0696259619490407,0.0127615959089952,0.229658867586605,0.0258886785696221,0.0114487058661475,0.0685679056466535,0.0449427519983833,0.0010381762698717,0.196414028770533,0.804028987222564,0.163077349397862,0.640951637824702,0.381879122419769,0.0631182664865557,0.137146977581527,0.014380765407797,0.0444265059290538,0.130861338331291,0.804028987222564,0.652028711152678,0.163077349397862,0.488951361754817,0.223906699920085,0.122952836339638,0.0420909916301601,0.0300406334592027,0.0488941176484166,0.00724296813098062,0.0179475433170472,0.00684770461076238,0.00157989994255565,0.0438683934922641,0.0444265059290538,0.0622304167325127,0.0148532984883587,0.137146977581527,1.11824911677401,1.38755133715436,"Connecticut",20.1,85.9,81.1,90.9,89.6
"8",1,0.873152341142586,0.252920513295104,0.375719423857904,0,0.0582584666305419,0.15735648582802,0.12363527220436,0.0257718521856164,0.0106973470093659,0.111799640036817,0.132712763952761,0.00235393560025829,0.124493723257156,1.04810958609259,0.165758837230143,0.882350748862448,0.659185719394545,0.0926665457855916,0.0759007873461802,0.0351301202417733,0.0194675760943576,0.149176494186402,1.04810958609259,0.956925543399516,0.165758837230143,0.791166706169374,0.345173850994673,0.267100135593391,0.00494719060377166,0.0429610782480228,0.0871671199009054,0.0155642410329553,0.0339343607387202,0.0118678764265991,0.00517761142904044,0.0527274246217162,0.0194675760943576,0.0708370777153644,0.0152832553468938,0.0759007873461802,0.477547526781579,1.30974254006035,"Delaware",26.7,86.5,83.3,92.9,89.3
"9",1,0.781660146766308,0.25914532085222,0.374204920618857,0.235829080471629,0.0743731345226382,0.0189094773128207,0,0.022179502530438,0.0229137257813304,0.0779033646195445,0.0704065406756862,0.000229370331267719,0.218110482902425,0.862480130255403,0.199902291514004,0.662577838741399,0.482017499080523,0.0676618285983027,0.0866669451142347,0.017704687596576,0.00852687835176259,0.0867113825920107,0.862480130255403,0.772647582413727,0.199902291514004,0.572745290899723,0.251883161403125,0.252258870229046,0.0112665102652295,0.0368264524916701,0.0813913716691,0.00537043108456652,0.0221932078078174,0.0138259731419177,0.00157124073429508,0.0230571427165146,0.00852687835176259,0.0644763425186822,0.00316560272744138,0.0866669451142347,0.268186570452704,2.0907183665334,"Florida",24.9,83.4,82.8,91.9,85.6
"10",1,0.775319695858623,0.267631777287734,0.393970242027131,0.100690132907652,0.0540893884926536,0.0118246215761558,0.19290777861131,0.0170788784325427,0.0173794420068172,0.0655822900856722,0.0481353864580857,0.000174936294545274,0.224505367846832,0.871635208885885,0.216586245174754,0.655048963711131,0.449893483038736,0.0576698626148223,0.114995528624797,0.0220720575864625,0.0104180318463133,0.117392972990926,0.871635208885885,0.754288434540701,0.216586245174754,0.537702189365947,0.333215438044523,0.219232677221186,0.0239069293223982,0.0261503840602898,0.0521751232681439,0.00907962421821225,0.0233155198806181,0.0094669618178473,0.00462789530111096,0.0162946085354502,0.0104180318463133,0.0264052410246083,0.00235124572038696,0.114995528624797,0.229338969251805,1.77667854054454,"Georgia",26,82.9,83.5,90.9,85.6
"11",1,0.833625903537478,0.172741727997339,0.435603383130381,0.200741520762693,0.0698196699143756,0.016684372090798,0.129868759240812,0.0114549198335331,0.00703414128816907,0.117552861257272,0.107727931152486,NA,0.166374096462522,0.785848216238942,0.0203280826866237,0.765520133552318,0.602118837914372,0.0567000559855798,0.0922730851896761,0.0073684187042158,0.00705973575847447,0.207795369173276,0.785848216238942,0.693575131049265,0.0203280826866237,0.673247048362642,0.211308132757588,0.184937338167652,0.0383759025769108,0.0340943753021914,0.0272215473462377,0.00278112117165908,0.0141696689042307,0.0100308013647244,0.00521842122647958,0.0368857838396391,0.00705973575847447,0.121492302633479,0,0.0922730851896761,0.598419662304204,1.52596357603212,"Hawaii",23.4,84.8,83.1,91.3,88.3
"12",1,0.755498440672374,0.195236349760454,0.335821418835534,0.122865667055301,0.0442821651242125,0.0285633803739558,0.123591472390291,0.0161270967771712,0.00039163711460295,0.188992041749216,0.0354486303271692,NA,0.2322817518246,0.712545727597144,0.179300270059138,0.533245457538006,0.391366370602606,0.0340873917265934,0.0853506875498107,0.0118988898826012,0.0105421177763945,0.109492387381439,0.712545727597144,0.617723317646509,0.179300270059138,0.438423047587371,0.231905524115571,0.18579708388538,0.00388964662138733,0.0113038039494828,0.0524649316916684,0.0048460719489712,0.0208874120342544,0.018061758813175,0.00291103770510328,0.0292970020740911,0.0105421177763945,0.0458169270310304,NA,0.0853506875498107,0.250806909428576,1.86981970399946,"Idaho",27.8,83.1,79.8,91.3,88.3
"13",1,0.773148720337005,0.224427807953151,0.431863204508343,0.129214292221008,0.0826286218734955,0.0317707390418057,0.150744420576825,0.0327204101893451,0.00478472060586372,0.0609603797938644,0.055897328081646,NA,0.226851279662995,0.972404887078954,0.218241038604287,0.754163848474667,0.4601002517329,0.0630515871360291,0.173897766120249,0.0173900142686054,0.0397242292168837,0.0932364858888108,0.972404887078954,0.798507120958705,0.218241038604287,0.580266082354418,0.210599128714588,0.264830381826226,0.0188064474888518,0.0226209379472869,0.0768983123551368,0.00500010114618585,0.0154472683769685,0.00271641471600931,0.00307954032577896,0.0164059454580877,0.0397242292168837,0.122378413386702,0,0.173897766120249,0.702978147386447,1.76380387027949,"Illinois",23.4,84,82,90.3,88
"14",1,0.880143629945383,0.336418836756132,0.412766267839414,0.172782292271184,0.0763287496324305,0.0155841943492841,0.124282913538038,0.0234489479622127,0.000339170086263943,0.0811697377874302,0.0497887875624068,NA,0.119856370054618,0.962271243690723,0.256408309289826,0.705862934400897,0.536870072681591,0.0511355898330834,0.0658718475337512,0.0316192130375948,0.0203662113148769,0.104702672247779,0.962271243690723,0.895386802069457,0.256408309289826,0.638978492779631,0.359971413035674,0.319371041053003,0.00321798852222635,0.0130675491079779,0.0563827451991873,0.00612184513283038,0.0161950343468878,0.00880358226538087,0.00118724393035775,0.0185814582141448,0.0203662113148769,0.0721206899469099,0.00101259408751517,0.0658718475337512,0.499453641876816,1.18662241197881,"Indiana",26.5,81.6,78.7,88.8,85.1
"15",1,0.788645384905989,0.233072983329828,0.3640318909972,0.11963441390501,0.0525066455747689,0.0353585699741073,0.136406569913208,0.016121181490576,0.00400451013952983,0.13506521536976,0.0564752952092007,0,0.199929480559278,0.867661377123998,0.205449087710243,0.662212289413755,0.456971162780423,0.0762655549138893,0.0981226633765058,0.023144429695573,0.00770847864736414,0.133348053181316,0.867661377123998,0.76159298110282,0.205449087710243,0.556143893392577,0.27176881922738,0.224276785782254,0.0704175312120731,0.0102698739964096,0.0859809157929664,0.0039040559462688,0.0107797947062581,0.0109925695242277,0.00116332075591109,0.0223359450926037,0.00770847864736414,0.041994890419103,0,0.0981226633765058,0.229480887656837,1.64645389234624,"Iowa",23.6,82.4,78.1,89.5,86.6
"16",1,0.825433979897658,0.194198180676141,0.381494996537346,0.149796585997735,0.0509694357661585,0.0196529766362569,0.108638003166468,0.0180607812221568,0.0343772137485705,0.192233349740373,0.0575074529437973,NA,0.174566020102342,0.914691855533539,0.226838093319621,0.687853762213918,0.510182228291344,0.0702433360363099,0.0892769648052657,0.00974411085122667,0.00840712222977181,0.137767702264218,0.914691855533539,0.825414890728274,0.226838093319621,0.598576797408652,0.345516672872591,0.191450133722199,0.125156622200881,0.018567414311799,0.0578406966342667,0.00519864824410912,0.0163789273865732,0.0104972695953591,0.00181253763576763,0.022139515971474,0.00840712222977181,0.0224493299234818,NA,0.0892769648052657,0.351841628783144,1.12323930416104,"Kansas",25.2,83.3,80.8,90.7,87.2
"17",1,0.820449766533771,0.320604021244608,0.352524310770383,0.103338932843973,0.063918350306779,0.0148155277371759,0.130088040791097,0.0135781447319211,0.0267853143594365,0.115676349252086,0.0316450852666931,0,0.179550233466229,1.07498176283308,0.169150999893512,0.905830762939566,0.654906411456952,0.0644146416363025,0.134700968635507,0.0327087781484503,0.0190999630623543,0.12948159078601,1.07498176283308,0.939187111867186,0.169150999893512,0.770036111973674,0.333450695792214,0.340689994747258,0.0560853609244945,0.0148262149937947,0.0591139103763107,0.00811201263334388,0.0197345966361431,0.0117265553192682,0.0038008443643239,0.0351922479081175,0.0190999630623543,0.0373547151095635,0.000920140229832858,0.134700968635507,0.426410111719726,1.21381642022672,"Kentucky",31,79.2,76.5,86.3,83.3
"18",1,0.760940943239668,0.345965716085436,0.304019976409317,0.115406702745891,0.0766330076171997,0.0100836427817295,0.0807620890206077,0.00797565391541061,0.013158880328478,0.0565793662448663,0.0543758845000493,0.000241497328334851,0.238817559431997,0.925740214909351,0.175628870432043,0.750111344477308,0.524071542563706,0.0586763493379179,0.127642987170554,0.0174168004607312,0.0223036649444,0.110877252117954,0.925740214909351,0.797877960977361,0.175628870432043,0.622249090545318,0.254588476615908,0.307363212748387,0.00976633703006854,0.011546123881641,0.0408868035960077,0.0098212290086777,0.0182787824789404,0.0217926904362897,0.00951501116292038,0.026128280664959,0.0223036649444,0.065887348409162,0.000219266761436778,0.127642987170554,0.495328459911224,1.71108347621674,"Louisiana",31.8,75.8,78.6,86,80.6
"19",1,0.807042818188352,0.284138622459673,0.398144019650229,0.135632162499685,0.0680363392268216,0.0258458602412105,0.144380303264615,0.0164842142335474,0.00776514018434882,0.0808682124515414,0.043891963626909,0.00092514935024132,0.192028928249047,0.85245198912284,0.122379339265577,0.730072649857263,0.564131804480526,0.037623994470363,0.0967115479333659,0.0157995002406235,0.0158058027323842,0.100573188108872,0.85245198912284,0.751719545513209,0.122379339265577,0.629340206247632,0.201866929753368,0.306392532732508,0.00584636067786968,0.0138718784322712,0.0651795231854562,0.00912525553311743,0.0152922907544515,0.0133289234704417,0.000665524316518285,0.0410483169713122,0.0158058027323842,0.0632962069535109,0.00402089567626489,0.0967115479333659,0.446854567462812,1.83254420492467,"Maine",25,82.9,73.8,89.7,87
"20",1,0.862575074946416,0.277644729184532,0.454187720973097,0.096926640227784,0.097424653379461,0.0182179577982848,0.190649397248273,0.0210680758787507,0.0299009964405433,0.0801328267774463,0.0506097980113412,0.00313333625053586,0.134291588803048,0.952829297791573,0.202531039767309,0.750298258024264,0.526240008905528,0.0700179492064855,0.0918312995378155,0.0370460468923414,0.0251629534820937,0.115554169896039,0.952829297791573,0.834633538628832,0.202531039767309,0.632102498861523,0.266280865581511,0.271875354903235,0.0121723043918456,0.0460681931065551,0.0537626897521262,0.0135371514467793,0.0311165909473178,0.0118445922246067,0.00389864982376823,0.0314451442109115,0.0251629534820937,0.0674690487580823,0.0263644596249253,0.0918312995378155,0.5893428213488,1.09052047189627,"Maryland",20.1,87.9,84.4,93,90.7
"21",1,0.81178215470407,0.241979282339029,0.407743003234638,0.092471044965354,0.038191512299874,0.0164790443167195,0.218171465321287,0.0325454316785883,0.00988450465281459,0.0825804801080678,0.0794793890223352,0.0137237849482657,0.174494060347664,0.985088607597938,0.132694592721069,0.852394014876868,0.614349005427098,0.0737979547387776,0.100524656645706,0.0151553860133918,0.0485670120518946,0.104967571831055,0.985088607597938,0.825740717011388,0.132694592721069,0.693046124290319,0.195279524486427,0.331948974204451,0.0106446972944165,0.021995401001211,0.0465388586830254,0.0136623679616281,0.0141500292075185,0.00393218367451445,0.00300258683309895,0.0400518913527728,0.0439157680771306,0.100618434235194,0.0588232339408434,0.100524656645706,1.14155827148863,1.55787982753814,"Massachusetts",21.2,87,81.3,91.2,90.7
"22",1,0.796100259701973,0.265588011477764,0.356119378941905,0.114737046699397,0.0556411429374653,0.0222398556540923,0.117991024406263,0.014869954649337,0.0306403545953504,0.118193897330179,0.0561989719521248,NA,0.190437208006322,0.897618597285926,0.265994478806347,0.631624118479579,0.463419091064865,0.0314657036971846,0.100231340315318,0.0172511396752528,0.0192568437269581,0.123157498315249,0.897618597285926,0.786530576323179,0.265994478806347,0.520536097516831,0.322057799937741,0.234281182817936,0.0545523662858264,0.0204033512780938,0.0374796562641789,0.00624366955062012,0.0235706393407905,0.0045990790546985,0.00192043249039296,0.0134788278052462,0.0192568437269581,0.048686727770696,0,0.100231340315318,0.416264589382602,1.12928221061702,"Michigan",26.2,83.1,79.5,90,87
"23",1,0.767657341511754,0.203065532316709,0.475113050523513,0.109314147627278,0.0875961843449303,0.0274235844953989,0.203380863284376,0.0227774137042983,0.0246208570672312,0.0502125073066587,0.0392662513648733,0.00193278744648985,0.230409871041756,0.8782053396576,0.25147151821809,0.62673382143951,0.456940003563739,0.0343026148523949,0.102728450993192,0.0221741323056864,0.0105886197244969,0.105421804779075,0.8782053396576,0.766720258885109,0.25147151821809,0.515248740667019,0.298772444220417,0.269296915895326,0.00603476310907238,0.00956442058338438,0.0517783398718364,0.0090371549799451,0.0117918040419352,0.012677355570314,0.00541516476688127,0.0211847018054429,0.0105878215122399,0.0605793725283149,0.00875662977929821,0.102728450993192,0.303755367768594,1.40331341249235,"Minnesota",20.7,86.4,81.9,92.1,90
"24",1,0.938936789224926,0.403588372280806,0.389481284357586,0.169898432573307,0.0761383175662655,0.0262406379680768,0.0927375549808066,0.0210373817469914,0.00342895952213821,0.0787813593083329,0.0294503925625873,NA,0.0884581794151464,1.1032380406993,0.258845599975033,0.844392440724263,0.626327626409413,0.0605189881005162,0.0931465393610313,0.0196467555936887,0.0123889671311499,0.133625391906211,1.1270620743771,0.863147069415884,0.258845599975033,0.702930410733066,0.318612256948796,0.31905923684981,0.0721578037697303,0.0209733788619078,0.072102123241221,0.00745271985015795,0.0181005310951478,0.0118841270368101,0.00247188851608915,0.0203330032462144,0.0117871814902864,0.0715309519834702,NA,0.0931465393610313,0.359936522215986,1.52353730867868,"Mississippi*",34.1,73.7,77,84.6,78.3
"25",1,0.740604139459117,0.283952633238547,0.313380437730262,0.0904006460266609,0.0451271160883014,0.0148156119698915,0.154225297308771,0.00771050245004944,0.0011012638865875,0.0781702241328196,0.0651008443574878,NA,0.259395860540883,0.843563723142194,0.157950398709391,0.685613324432802,0.500002319849457,0.0313202499007042,0.11887487953398,0.0160381851734935,0.0193776899751681,0.100996238658789,0.843563723142194,0.724688843608214,0.157950398709391,0.566738444898823,0.250195362673602,0.225606588593157,0.0554793126233392,0.0498693147292609,0.0348992885636162,0.00591034943027131,0.0207522948264323,0.00758327438198772,0.00173136007858095,0.0142826986605591,0.0193776899751681,0.039001309072239,0,0.11887487953398,0.461957290342602,1.84573096412417,"Missouri",25.2,81.6,79.9,89.7,84.9
"26",1,0.729827212327117,0.33688159516401,0.292726252557342,0,0.0635436139888717,0.0363777799931363,0.129902620288822,0.0137850562108018,0.0491171820757106,0.0557979216604132,0.0444214429453525,NA,0.259529435792293,0.854176573289305,0.124455668764298,0.729720904525007,0.550627105754649,0.0408621165751067,0.11781639363353,0.00841430664816352,0.0120009819135581,0.126798851522848,0.854176573289305,0.725482377165966,0.124455668764298,0.601026708401669,0.211453607010492,0.239288606714948,0.00720367692661939,0.0227821810479214,0.0673425740250781,0.00432465432319866,0.0234097720249034,0.0314138452458357,0.00187615626276466,0.0481755199157301,0.0120009819135581,0.0562108017549168,0.00170842372437254,0.11781639363353,0.308294170009554,2.1398222189482,"Montana",24.8,82,75.9,88.7,84.8
"27",1,0.82353455299863,0.261196258153899,0.419188309429358,0.150736866627342,0.0470254219376616,0.0150151427942207,0.183056252796482,0.0217220998873234,0.00163252538632834,0.0778626058289058,0.0652873795864669,NA,0.17646544700137,0.872216404161174,0.201832184046085,0.670384220115088,0.518813922745587,0.0670552779141593,0.0625343309640057,0.0171962243106638,0.00478446418067293,0.129725885401055,0.872216404161174,0.809041926757817,0.201832184046085,0.607209742711732,0.314248240295514,0.227684472945414,0.0155332235837735,0.0251984244495361,0.0677235996683691,0.00743179376458103,0.0287392318752019,0.018470520693783,0.00438992762886982,0.0242631354262527,0.00478446418067293,0.0705748922458494,0.000640146439350745,0.0625343309640057,0.165480524244858,1.72476487781894,"Nebraska",21.8,84.9,80.3,90.8,88.8
"28",1,0.68427072080952,0.233465723035094,0.3846638758531,0.212131698688472,0.0966515143270782,0.0297275611720703,0,0,0.0461531016654788,0.0367805351903869,0.0293605867309392,0.00193263690849456,0.313796642281985,0.723479718730236,0.212868189809814,0.510611528920423,0.326166285628143,0.0400011060970029,0.116225283415057,0.0220436212545459,0.00617523252567438,0.0774742899347849,0.723479718730236,0.605282995810212,0.212868189809814,0.392414806000398,0.229699016733285,0.173618426862458,0.012016941124419,0.0132113028841479,0.0446021128236783,0.00425517301051952,0.01395042544594,0.00627487045730867,0.00101667262829164,0.0198167982238223,0.00617523252567438,0.0806460230906669,0.00197143950496807,0.116225283415057,0.144899331792528,1.8766022573299,"Nevada",23.1,83.6,85.4,93.3,86.4
"29",1,0.751675990469097,0.291615909935799,0.267635257308219,0,0.102840961957428,0.0353441574339798,0.00701772101313651,0.0614926102058869,0.0609398066977875,0.103952464686822,0.0884723585382576,NA,0.174773272309486,0.844950675391465,0.0891414683884722,0.755809207002992,0.563178248205667,0.0529272108817286,0.08482730705689,0.0206948108719524,0.034181629986755,0.123952117375717,0.844950675391465,0.699993525434964,0.0891414683884722,0.610852057046492,0.15450520387805,0.277021768688232,0.00659462319532219,0.0104835428133829,0.056666700968998,0.00771202163791059,0.0156318939646334,0.00620497015054007,0.00299641583515672,0.0325877507232432,0.034181629986755,0.0954070035927404,0.00157244030643988,0.08482730705689,0.82962835996695,1.6311379198123,"New Hampshire",17.5,88.9,80.8,93.7,91.8
"30",1,0.795897727061663,0.235693766832573,0.409277844845247,0.121442881894585,0.048070466815036,0.0196253093701474,0.176723856059887,0.0267138405695235,0.0167014901360682,0.0859862354838853,0.0649398798999573,0.01421740037018,0.189884872568157,0.915890910881406,0.147664247236669,0.768226663644737,0.489718330935275,0.0584808666784085,0.171144744909999,0.0209721747381669,0.0279105463828874,0.128904786219323,0.915890910881406,0.705714367432049,0.147664247236669,0.55805012019538,0.234202186143329,0.234966531195147,0.0281463449955271,0.0184124481105997,0.0395794757615954,0.00905716600833856,0.0174733431656189,0.0060033182222937,0.00246694676108183,0.0221196545525003,0.0278902128040698,0.0653967397119466,0.0390317985393578,0.171144744909999,0.834032442541529,1.46328956562145,"New Jersey",21.2,87,83.9,92.6,90
"31",1,0.799288631400276,0.336595216650743,0.269044170872109,0.10520768411113,0.0377684708719086,0.0143305411218401,0.0623564452827978,0.00427935293254868,0.0451016765518838,0.0788482282460675,0.114801015631357,0,0.200711368599724,0.950509420272878,0.220569772116398,0.729939648156479,0.552109701526358,0.0386516731261098,0.11170594181047,0.00926211903053066,0.0182102126630113,0.117757428281969,0.950509420272878,0.838748936228484,0.220569772116398,0.618179164112086,0.257441766151127,0.274825088738258,0.0536420308882312,0.0185549792005916,0.0303551984967024,0.00692048259303934,0.0244682702766577,0.0119234633191367,0.00265137670700075,0.0247495051258754,0.0182102126630113,0.115006562068853,5.45422339241423e-05,0.11170594181047,0.328727860382687,2.62579318544392,"New Mexico",28.8,77,76.7,86.6,79.2
"32",1,0.757927650854845,0.277994083838488,0.366897834113455,0.0650750460165824,0.0517134332254794,0.00835332476176621,0.205518358575426,0.0185403688481458,0.0176973026860553,0.0478152226779134,0.0652205102249896,0.0355333696620869,0.206538979483068,0.926339323939919,0.285655944784899,0.640683379155019,0.456594058108038,0.0448463345618866,0.103752491696211,0.00910131194395195,0.0263891828449321,0.0848722781195726,0.926339323939919,0.761769706415975,0.285655944784899,0.476113761631076,0.210744631098646,0.309952473725694,0.0245237874111185,0.041438926423858,0.0270342767780878,0.00468628212146383,0.0156712059097535,0.00250203964166294,0.00328448420502979,0.0262070739967495,0.0188065052643884,0.0769180198395222,0.0608171258277329,0.103752491696211,0.641142698855064,1.8088711828694,"New York",24.5,83.7,80.4,90.1,86.9
"33",1,0.788211073243628,0.243166618111415,0.397894335306702,0.113446354590557,0.0598892424650252,0.0331276658007519,0.179073863302241,0.0112164928572367,0.00114071629088981,0.090937139377615,0.0562129804478967,5.92649162052609e-08,0.211788867491456,0.823352042329018,0.199106145791072,0.624245896537947,0.443679950072864,0.061795379964935,0.0913394592612744,0.0187972016351131,0.00863390560376007,0.121212725534676,0.823352042329018,0.729756871459597,0.199106145791072,0.530650725668526,0.314459437957908,0.193076962886991,0.0322895561720062,0.0187438335780703,0.0665270464260759,0.010941977765374,0.0198995735252181,0.00783935568842519,0.00316530954206488,0.0242508333054665,0.00863390560376007,0.0299290790082378,0.00225571160814654,0.0913394592612744,0.241655318299493,1.80934904645787,"North Carolina",25.8,82,80.4,89.4,85.4
"34",1,0.839268261214592,0.230516881064863,0.437472557965026,0.110105965705883,0.0602496426696723,0.0270140717831875,0.040335467594602,0.0076845272496409,0.192082882962041,0.0998832001345244,0.0713956220501785,0,0.160731738785408,0.950865028489219,0.249777497013726,0.701087531475493,0.482768485043128,0.101683801605859,0.0833433696382461,0.0231646754385234,0.0101271997497362,0.138584454306534,0.950865028489219,0.8573509053252,0.249777497013726,0.607573408311474,0.29744426442217,0.162571096805274,0.00342118066838508,0.0474038035954463,0.122469935901466,0.00396415107630849,0.0133232894538508,0.0179564012815162,0.00513315967369763,0.0258214557767582,0.0101271997497362,0.147714840677762,0.0101707535257729,0.0833433696382461,0.364294387168073,3.61241570450694,"North Dakota",22.7,81.6,80.2,90.5,84.5
"35",1,0.693604680527668,0.241610394674613,0.301260901440886,0.132637333251768,0.0619317778155538,0.022870842431898,0.083275891429379,8.78042780315853e-05,0.000457252234255054,0.0946200093176115,0.0561133750945576,NA,0.294920732757068,0.877070432182239,0.186841758052583,0.690228674129656,0.441225473364016,0.0457826297093991,0.172204428041412,0.0179252637381364,0.0130908792766924,0.0825212100314216,0.877070432182239,0.696775127697172,0.186841758052583,0.509933369644589,0.230497959601742,0.256703873526531,0.0432604610178877,0.0244521146750313,0.0402027786768668,0.00387835859937137,0.0180460604761234,0.00439974682387433,0.00190511326766777,0.02136798071125,0.0130908792766924,0.0389698010441343,NA,0.172204428041412,0.3329389016322,2.23291374525425,"Ohio",25.4,83.6,78.8,89.6,87.3
"36",1,0.776722009390132,0.267970373949676,0.315416569219334,0.0907440971577328,0.0478315309165511,0.0391025319669579,0.114934555512442,0.00581165217599986,0.0169922014896504,0.10637321382444,0.0869618523966817,0.0228544637061965,0.200423526903672,0.929459467835608,0.163669374432661,0.765790093402946,0.531249436388185,0.0923767954694039,0.104985836182034,0.0219843758891264,0.0151936494741966,0.121497702377774,0.929459467835608,0.785559626688563,0.163669374432661,0.621890252255901,0.30635144598591,0.248352965244116,0.00967704463275551,0.0381907046691756,0.0798192113652704,0.00849508854401428,0.0211647508833937,0.00590525314553364,0.00307223190131579,0.0263667637127997,0.0121777695525726,0.0259863970517056,0.0389140049650106,0.104985836182034,0.311291206787031,1.66398330391326,"Oklahoma",27.9,80,81.3,89.2,83.6
"37",1,0.720696023312565,0.227450055350846,0.262391373676359,0,0.0352072428729303,0.0235166712228039,0.184533467149355,0.0139414054694832,0.00519258696178661,0.155989996127742,0.0748645981576175,8.89718568582888e-06,0.266189855327576,0.873603210668378,0.126941015204564,0.746662195463814,0.573935998447133,0.0274888682222632,0.12289957872046,0.0145573593963321,0.00778039067762574,0.107532773631349,0.873603210668378,0.741376518393379,0.126941015204564,0.614435503188815,0.270681700825657,0.230840257483673,0.0513675051478698,0.0222763727063677,0.0263341500612111,0.00443967363449176,0.0197678067977009,0.0117903126253025,0.00224312586146064,0.0386100199884966,0.00778039067762574,0.0552452025835225,0.000729459112553737,0.12289957872046,0.278733918144174,2.03659278133887,"Oregon",25.8,87.1,83.1,93.2,90.5
"38",1,0.81432247168228,0.283524750566662,0.364113332828009,0.101094367006273,0.0877234953872484,0.021554605229491,0.116042937432257,0.0225505205674048,0.0151474072053347,0.110602441485946,0.0560819468016626,NA,0.16631627427721,1.0006115931144,0.21408610110616,0.786525492008245,0.540090058026365,0.08131931776601,0.122490920514923,0.0281782237799207,0.0144469719210263,0.100905351345965,1.0006115931144,0.859627967161102,0.21408610110616,0.645541866054942,0.273287729738195,0.301781441336272,0.0493693514136832,0.0329812223282035,0.0784827073275744,0.0105180048718907,0.0209986490911281,0.00705506483092862,0.00326939377627702,0.0253317441268554,0.0144469719210263,0.0421056863990679,1.69296469283657e-05,0.122490920514923,0.457096378940904,1.13754179987541,"Pennsylvania",25.6,82,75.8,88,86.3
"39",1,0.810456016724479,0.272006537939202,0.352709143980425,0.107582528093855,0.0750830792924877,0.0119267291279271,0.133769915762165,0.0140074634778269,0.010339428226164,0.0904417082342058,0.0952986265706462,0.00269185761389405,0.186852125661627,0.948027097594226,0.137910545806496,0.81011655178773,0.556414019383621,0.0477360690349025,0.139130308971397,0.0183206332705438,0.0485155211272654,0.143115350919719,0.948027097594226,0.790251266677133,0.137910545806496,0.652340720870637,0.234111388983845,0.299097761798836,0.0071506820502732,0.0201411543578595,0.0346313620253186,0.00940190467470427,0.0215203926218635,0.00537086652312108,0.00649734161380163,0.0439373872904069,0.0484573240531854,0.0599337006839182,0.0186455219456955,0.139130308971397,0.964449361743295,1.70450117117563,"Rhode Island",22.7,85.8,79.5,89.7,90.1
"40",1,0.76580592907321,0.258782677356189,0.282375296292489,0.0943759630421643,0.0388518437289073,0.014907233366351,0.119004704308528,0.0107923064993786,0.00444324534716002,0.1506334840147,0.0740144714098325,0.0496826762242547,0.184511394702535,0.973357478206094,0.193500391551677,0.779857086654417,0.555213613001228,0.0671778165189243,0.105826888823859,0.0344295995025923,0.0172091688078138,0.115829541687742,0.973357478206094,0.821085533284536,0.193500391551677,0.627585141732859,0.295190720343042,0.22442662487051,0.0537803942384416,0.0363298992813824,0.0594270239205352,0.00591412822681073,0.0149392665397329,0.00808747130588991,0.00426239438174338,0.0181080799844494,0.0102116298174086,0.0904079003745899,0.0464450560976999,0.105826888823859,0.452332483309855,1.26744619992619,"South Carolina",26.9,79.5,80.5,88.8,83.1
"41",1,0.720902167781119,0.257563794998269,0.299086340114918,0.174256182321755,0.0740316561175172,0.0440777635639458,0,0.00502603715584003,0.00169470095585975,0.0653088776912026,0.0989431549767304,NA,0.279097832218881,0.861199068396992,0.141186696311257,0.720012372085735,0.490462747738177,0.0961631976901951,0.0935955482736246,0.0220342201684952,0.0177566582152432,0.128980302311359,0.861199068396992,0.767603520123368,0.141186696311257,0.626416823812111,0.248546926009399,0.188826586833673,0.00385670821718146,0.0270051357895293,0.108622954471739,0.00773026366903657,0.0197570628760062,0.0306806135599303,0.00688119575456229,0.0333558889999498,0.0177566582152432,0.0745835257271177,NA,0.0935955482736246,0.57701009999897,2.7889949283281,"South Dakota",22.9,80.9,75,88.4,84.8
"42",1,0.83032893713623,0.315172425750005,0.392316965333004,0.205005948402899,0.0776735029909177,0.0461814449813111,0.00705859637118621,0.0487433300009928,0.0076541425856967,0.0647200975147276,0.0581194485384933,NA,0.16967106286377,0.937997260334934,0.222588948473944,0.71540831186099,0.55250974825374,0.0432262752584051,0.0749538297086271,0.0374971325343472,0.00722132610587039,0.115772930378781,0.937997260334934,0.863003644716855,0.222588948473944,0.640414696242911,0.298586473558832,0.351481939004276,0.0115690591335516,0.0208519956262042,0.0463582649706556,0.0078472835513812,0.0274633181821211,0.00995373426762358,0.00308621756234189,0.0272897172088713,0.00722132610587039,0.0512943155451257,3.97859094516751e-05,0.0749538297086271,0.173019912607666,1.81449383456765,"Tennessee",26.5,79.6,78.8,87.4,83.3
"43",1,0.78521779815096,0.272343437520792,0.326956112028895,0.198139738940921,0.0878617353000206,0.0209353983765054,0,0,0.0200192394114477,0.097061391517815,0.0888568570834582,NA,0.21478220184904,0.893044868602955,0.180398748816213,0.712646119786742,0.508865271734122,0.0674166894393207,0.111166451218353,0.0172392944792927,0.00795841291565328,0.115790124293257,0.893044868602955,0.781856127525074,0.180398748816213,0.60145737870886,0.330538888303776,0.231661730067545,0.0435073359251368,0.018241722213952,0.0612237675643941,0.00721882256972991,0.0257295782045058,0.00510201772931158,0.00156573608891696,0.0144369621123005,0.00795841291565328,0.0346711538298522,2.22898595287564e-05,0.111166451218353,0.310797250644927,2.06337255271216,"Texas",24.9,83.5,85.7,91.8,85.7
"44",1,0.825853790209706,0.199805625741843,0.345931107106523,0.111909658632307,0.0440247183710791,0.0142081965061391,0.159926354008468,0.0145554132692097,0.00130676631932036,0.227622714318244,0.0524943430430957,0,0.157339893854661,0.909593181372929,0.16713872011891,0.742454461254019,0.535905181117132,0.0768332135313314,0.0826685485208707,0.0366109206075755,0.0104365974771094,0.15724538305932,0.909593181372929,0.814780878929198,0.16713872011891,0.647642158810288,0.372931825565223,0.166472993142756,0.0870104362883296,0.0148119173343221,0.053499646423632,0.00663850009424581,0.0164561843536407,0.00942184301703897,0.00235702857352825,0.0441518663055589,0.0104365974771094,0.0305920403538131,0,0.0826685485208707,0.329168999257869,1.59996658557582,"Utah",26.4,88.1,88.9,95.5,91
"45",1,0.856061630154002,0.180323681413174,0.524540428813469,0.0630399875486507,0.114500589191679,0.0213083443160362,0.124719785938764,0.0136513682563717,0.187320353561968,0.109985130163897,0.0412123897634613,NA,0.133183315594409,1.45340236810442,0.297818363928924,1.1555840041755,0.974627692243702,0.056404746674413,0.0664771905838012,0.0411226608855553,0.0169517137880245,0.160891257656724,1.45340236810442,1.36786810559361,0.297818363928924,1.07004974166469,0.487494142465307,0.570277334351267,0.0377069256940906,0.0274689445837804,0.0734414932495372,0.0185495586848665,0.0259279559292004,0.0207473291822127,0.00340969736042799,0.037284277521524,0.0169517137880245,0.0486087327833764,0.00886856748768869,0.0664771905838012,0.587507794672151,1.08269178583277,"Vermont",22.2,82,72.9,89.5,85.4
"46",1,0.76852961155009,0.174270098760815,0.361786033664354,0.0646620021897045,0.047981246627957,0.0139523385019616,0.212593836976234,0.0134688067107072,0.00912780265778963,0.165938703322398,0.0665347758025238,0,0.218782109024041,0.870333575370681,0.194265737723613,0.676067837647067,0.503862260672692,0.0526322758643334,0.0815802401365329,0.0198413348604564,0.0181517261130523,0.126249649053447,0.870333575370681,0.776143559689775,0.194265737723613,0.581877821966161,0.270347318436076,0.181921621268676,0.0806931462756309,0.0244030944340781,0.0787946878866459,0.0080211910967217,0.0250595302099712,0.00514423557236284,0.00269725981387283,0.0336971559346703,0.0181517261130523,0.047212592648017,0.00246210648585713,0.0815802401365329,0.45320403168573,1.68482209538326,"Virginia",22.7,85.2,83.4,91.8,88.2
"47",1,0.747602303411852,0.22588018892096,0.38097755218539,0.230353266560212,0.0739952808337934,0.0230773003069701,0,0,0.0535517044844144,0.0933893809663598,0.0473551813391425,3.50852031457869e-06,0.252394188067834,0.871238161740469,0.200948056166235,0.670290105574234,0.465454926412597,0.0502495835934097,0.114158360668173,0.0167713621299874,0.0236558727700674,0.131800804251285,0.871238161740469,0.753192201807167,0.200948056166235,0.552244145640933,0.311632632458509,0.193606755231986,0.0699979807751185,0.0310803145228118,0.0385696877148621,0.00681160962069292,0.0158570512614028,0.0142888696860463,0.002265345200218,0.0175682566354652,0.0236558727700674,0.0278578259299877,0.00388759926512851,0.114158360668173,0.530687542817641,1.79390394436585,"Washington",22.5,89.4,85.5,94.2,92.1
"48",1,0.804652063321853,0.311872127221863,0.310824950302434,0.0814356456191186,0.0817134319422898,0.00909174920295895,0.110715703552003,0.00709908554524737,0.0207693344408163,0.110182104774336,0.0717728810232205,0.000166757247836428,0.189502216186733,0.896422690802764,0.149977757561819,0.746444933240945,0.56314459733374,0.0553167728492832,0.095936140519472,0.0194393050007154,0.0126081175377352,0.11087696733267,0.896422690802764,0.795256159153313,0.149977757561819,0.645278401591494,0.261571683398547,0.288889780051341,0.00912776193217692,0.0182312305317627,0.0701278317602485,0.00494601264620558,0.0183750983330623,0.0166434354043949,0.00329009852594406,0.0295201224481624,0.0126081175377352,0.0619249865837324,0.000610446279506633,0.095936140519472,0.46065835175476,1.32730547388601,"West Virginia",33.7,76.3,69.7,84.6,81.6
"49",1,0.759509677383513,0.204766005745865,0.387462771589647,0.111621075919622,0.0587390571683727,0.025193130474888,0.166505141011502,0.0205061194174478,0.00489824759781469,0.0992167517456768,0.0680641483023247,0,0.240490322616487,0.851978141740231,0.188587927744112,0.66339021399612,0.454646311805945,0.0639240104002907,0.1166439372645,0.0142134456993781,0.0139625088260058,0.0929814918030458,0.851978141740231,0.733599248642352,0.188587927744112,0.54501132089824,0.264183387333692,0.228450309894432,0.0503551075130102,0.0120121712075792,0.0821482580944716,0.00109507107972833,0.0228594859276956,0.0113692309385251,0.000454288901972763,0.0213944410773234,0.0139625088260058,0.0253149878479161,0.00173495583337954,0.1166439372645,0.496839218886333,2.40625476823328,"Wisconsin",23.2,83.9,77.8,89.5,87.4
"50",1,0.817020424492053,0.388264437568328,0.238321137353333,0.0850772725099013,0.025098738821676,0.0234012849447009,0,0,0.104743841077055,0.0318486788278278,0.158586170742564,6.22693523683953e-05,0.166847045521497,1.11417338590543,0.349093547493673,0.765079838411753,0.537146991646227,0.0941207762488798,0.121058122444663,0.0072615311354708,0.00549241693651257,0.101649444350776,1.11417338590543,0.968515401840312,0.349093547493673,0.619421854346639,0.308787794860192,0.122075959074443,0.000516792281720998,0.0570843813294232,0.10822976899804,0.00570132989132625,0.0194213920219812,0.0344314844247879,0.0034866503032633,0.0562982849344431,0.00549241693651257,0.246989146784178,0.0106399685734814,0.121058122444663,0.111206561889452,3.93566391193409,"Wyoming",23,84,80.5,91.7,87.8
